date,product_name,category,stock,days_left,waste_risk
2025-01-01,Milk 1L,Dairy,179,7,Low
2025-01-02,Milk 1L,Dairy,155,6,Low
2025-01-03,Milk 1L,Dairy,141,5,Medium
2025-01-04,Milk 1L,Dairy,126,4,Medium
2025-01-05,Milk 1L,Dairy,117,3,Medium
2025-01-06,Milk 1L,Dairy,103,2,High
2025-01-07,Milk 1L,Dairy,87,1,High
2025-01-08,Milk 1L,Dairy,77,0,High
2025-01-09,Milk 1L,Dairy,67,0,High
2025-01-10,Milk 1L,Dairy,62,0,High
2025-01-11,Milk 1L,Dairy,61,0,High
2025-01-12,Milk 1L,Dairy,49,0,High
2025-01-13,Milk 1L,Dairy,43,0,High
2025-01-14,Milk 1L,Dairy,43,0,High
2025-01-15,Milk 1L,Dairy,38,0,High
2025-01-16,Milk 1L,Dairy,34,0,High
2025-01-17,Milk 1L,Dairy,31,0,High
2025-01-18,Milk 1L,Dairy,28,0,High
2025-01-19,Milk 1L,Dairy,28,0,High
2025-01-20,Milk 1L,Dairy,26,0,High
2025-01-21,Milk 1L,Dairy,26,0,High
2025-01-22,Milk 1L,Dairy,26,0,High
2025-01-23,Milk 1L,Dairy,26,0,High
2025-01-24,Milk 1L,Dairy,25,0,High
2025-01-25,Milk 1L,Dairy,21,0,High
2025-01-26,Milk 1L,Dairy,20,0,High
2025-01-27,Milk 1L,Dairy,20,0,High
2025-01-28,Milk 1L,Dairy,16,0,High
2025-01-29,Milk 1L,Dairy,14,0,High
2025-01-30,Milk 1L,Dairy,14,0,High
2025-01-31,Milk 1L,Dairy,14,0,High
2025-02-01,Milk 1L,Dairy,12,0,High
2025-02-02,Milk 1L,Dairy,11,0,High
2025-02-03,Milk 1L,Dairy,7,0,High
2025-02-04,Milk 1L,Dairy,7,0,High
2025-02-05,Milk 1L,Dairy,7,0,High
2025-02-06,Milk 1L,Dairy,4,0,High
2025-02-07,Milk 1L,Dairy,3,0,High
2025-02-08,Milk 1L,Dairy,0,0,Low
2025-02-09,Milk 1L,Dairy,0,0,Low
2025-02-10,Milk 1L,Dairy,0,0,Low
2025-02-11,Milk 1L,Dairy,0,0,Low
2025-02-12,Milk 1L,Dairy,0,0,Low
2025-02-13,Milk 1L,Dairy,0,0,Low
2025-02-14,Milk 1L,Dairy,0,0,Low
2025-02-15,Milk 1L,Dairy,0,0,Low
2025-02-16,Milk 1L,Dairy,0,0,Low
2025-02-17,Milk 1L,Dairy,0,0,Low
2025-02-18,Milk 1L,Dairy,0,0,Low
2025-02-19,Milk 1L,Dairy,0,0,Low
2025-02-20,Milk 1L,Dairy,0,0,Low
2025-02-21,Milk 1L,Dairy,0,0,Low
2025-02-22,Milk 1L,Dairy,0,0,Low
2025-02-23,Milk 1L,Dairy,0,0,Low
2025-02-24,Milk 1L,Dairy,0,0,Low
2025-02-25,Milk 1L,Dairy,0,0,Low
2025-02-26,Milk 1L,Dairy,0,0,Low
2025-02-27,Milk 1L,Dairy,0,0,Low
2025-02-28,Milk 1L,Dairy,0,0,Low
2025-03-01,Milk 1L,Dairy,0,0,Low
2025-03-02,Milk 1L,Dairy,0,0,Low
2025-03-03,Milk 1L,Dairy,0,0,Low
2025-03-04,Milk 1L,Dairy,0,0,Low
2025-03-05,Milk 1L,Dairy,0,0,Low
2025-03-06,Milk 1L,Dairy,0,0,Low
2025-03-07,Milk 1L,Dairy,0,0,Low
2025-03-08,Milk 1L,Dairy,0,0,Low
2025-03-09,Milk 1L,Dairy,0,0,Low
2025-03-10,Milk 1L,Dairy,0,0,Low
2025-03-11,Milk 1L,Dairy,0,0,Low
2025-03-12,Milk 1L,Dairy,0,0,Low
2025-03-13,Milk 1L,Dairy,0,0,Low
2025-03-14,Milk 1L,Dairy,0,0,Low
2025-03-15,Milk 1L,Dairy,0,0,Low
2025-03-16,Milk 1L,Dairy,0,0,Low
2025-03-17,Milk 1L,Dairy,0,0,Low
2025-03-18,Milk 1L,Dairy,0,0,Low
2025-03-19,Milk 1L,Dairy,0,0,Low
2025-03-20,Milk 1L,Dairy,0,0,Low
2025-03-21,Milk 1L,Dairy,0,0,Low
2025-03-22,Milk 1L,Dairy,0,0,Low
2025-03-23,Milk 1L,Dairy,0,0,Low
2025-03-24,Milk 1L,Dairy,0,0,Low
2025-03-25,Milk 1L,Dairy,0,0,Low
2025-03-26,Milk 1L,Dairy,0,0,Low
2025-03-27,Milk 1L,Dairy,0,0,Low
2025-03-28,Milk 1L,Dairy,0,0,Low
2025-03-29,Milk 1L,Dairy,0,0,Low
2025-03-30,Milk 1L,Dairy,0,0,Low
2025-03-31,Milk 1L,Dairy,0,0,Low
2025-04-01,Milk 1L,Dairy,0,0,Low
2025-04-02,Milk 1L,Dairy,0,0,Low
2025-04-03,Milk 1L,Dairy,0,0,Low
2025-04-04,Milk 1L,Dairy,0,0,Low
2025-04-05,Milk 1L,Dairy,0,0,Low
2025-04-06,Milk 1L,Dairy,0,0,Low
2025-04-07,Milk 1L,Dairy,0,0,Low
2025-04-08,Milk 1L,Dairy,0,0,Low
2025-04-09,Milk 1L,Dairy,0,0,Low
2025-04-10,Milk 1L,Dairy,0,0,Low
2025-04-11,Milk 1L,Dairy,0,0,Low
2025-04-12,Milk 1L,Dairy,0,0,Low
2025-04-13,Milk 1L,Dairy,0,0,Low
2025-04-14,Milk 1L,Dairy,0,0,Low
2025-04-15,Milk 1L,Dairy,0,0,Low
2025-04-16,Milk 1L,Dairy,0,0,Low
2025-04-17,Milk 1L,Dairy,0,0,Low
2025-04-18,Milk 1L,Dairy,0,0,Low
2025-04-19,Milk 1L,Dairy,0,0,Low
2025-04-20,Milk 1L,Dairy,0,0,Low
2025-04-21,Milk 1L,Dairy,0,0,Low
2025-04-22,Milk 1L,Dairy,0,0,Low
2025-04-23,Milk 1L,Dairy,0,0,Low
2025-04-24,Milk 1L,Dairy,0,0,Low
2025-04-25,Milk 1L,Dairy,0,0,Low
2025-04-26,Milk 1L,Dairy,0,0,Low
2025-04-27,Milk 1L,Dairy,0,0,Low
2025-04-28,Milk 1L,Dairy,0,0,Low
2025-04-29,Milk 1L,Dairy,0,0,Low
2025-04-30,Milk 1L,Dairy,0,0,Low
2025-05-01,Milk 1L,Dairy,0,0,Low
2025-05-02,Milk 1L,Dairy,0,0,Low
2025-05-03,Milk 1L,Dairy,0,0,Low
2025-05-04,Milk 1L,Dairy,0,0,Low
2025-05-05,Milk 1L,Dairy,0,0,Low
2025-05-06,Milk 1L,Dairy,0,0,Low
2025-05-07,Milk 1L,Dairy,0,0,Low
2025-05-08,Milk 1L,Dairy,0,0,Low
2025-05-09,Milk 1L,Dairy,0,0,Low
2025-05-10,Milk 1L,Dairy,0,0,Low
2025-05-11,Milk 1L,Dairy,0,0,Low
2025-05-12,Milk 1L,Dairy,0,0,Low
2025-05-13,Milk 1L,Dairy,0,0,Low
2025-05-14,Milk 1L,Dairy,0,0,Low
2025-05-15,Milk 1L,Dairy,0,0,Low
2025-05-16,Milk 1L,Dairy,0,0,Low
2025-05-17,Milk 1L,Dairy,0,0,Low
2025-05-18,Milk 1L,Dairy,0,0,Low
2025-05-19,Milk 1L,Dairy,0,0,Low
2025-05-20,Milk 1L,Dairy,0,0,Low
2025-05-21,Milk 1L,Dairy,0,0,Low
2025-05-22,Milk 1L,Dairy,0,0,Low
2025-05-23,Milk 1L,Dairy,0,0,Low
2025-05-24,Milk 1L,Dairy,0,0,Low
2025-05-25,Milk 1L,Dairy,0,0,Low
2025-05-26,Milk 1L,Dairy,0,0,Low
2025-05-27,Milk 1L,Dairy,0,0,Low
2025-05-28,Milk 1L,Dairy,0,0,Low
2025-05-29,Milk 1L,Dairy,0,0,Low
2025-05-30,Milk 1L,Dairy,0,0,Low
2025-05-31,Milk 1L,Dairy,0,0,Low
2025-06-01,Milk 1L,Dairy,0,0,Low
2025-06-02,Milk 1L,Dairy,0,0,Low
2025-06-03,Milk 1L,Dairy,0,0,Low
2025-06-04,Milk 1L,Dairy,0,0,Low
2025-06-05,Milk 1L,Dairy,0,0,Low
2025-06-06,Milk 1L,Dairy,0,0,Low
2025-06-07,Milk 1L,Dairy,0,0,Low
2025-06-08,Milk 1L,Dairy,0,0,Low
2025-06-09,Milk 1L,Dairy,0,0,Low
2025-06-10,Milk 1L,Dairy,0,0,Low
2025-06-11,Milk 1L,Dairy,0,0,Low
2025-06-12,Milk 1L,Dairy,0,0,Low
2025-06-13,Milk 1L,Dairy,0,0,Low
2025-06-14,Milk 1L,Dairy,0,0,Low
2025-06-15,Milk 1L,Dairy,0,0,Low
2025-06-16,Milk 1L,Dairy,0,0,Low
2025-06-17,Milk 1L,Dairy,0,0,Low
2025-06-18,Milk 1L,Dairy,0,0,Low
2025-06-19,Milk 1L,Dairy,0,0,Low
2025-06-20,Milk 1L,Dairy,0,0,Low
2025-06-21,Milk 1L,Dairy,0,0,Low
2025-06-22,Milk 1L,Dairy,0,0,Low
2025-06-23,Milk 1L,Dairy,0,0,Low
2025-06-24,Milk 1L,Dairy,0,0,Low
2025-06-25,Milk 1L,Dairy,0,0,Low
2025-06-26,Milk 1L,Dairy,0,0,Low
2025-06-27,Milk 1L,Dairy,0,0,Low
2025-06-28,Milk 1L,Dairy,0,0,Low
2025-06-29,Milk 1L,Dairy,0,0,Low
2025-06-30,Milk 1L,Dairy,0,0,Low
2025-07-01,Milk 1L,Dairy,0,0,Low
2025-07-02,Milk 1L,Dairy,0,0,Low
2025-07-03,Milk 1L,Dairy,0,0,Low
2025-07-04,Milk 1L,Dairy,0,0,Low
2025-07-05,Milk 1L,Dairy,0,0,Low
2025-07-06,Milk 1L,Dairy,0,0,Low
2025-07-07,Milk 1L,Dairy,0,0,Low
2025-07-08,Milk 1L,Dairy,0,0,Low
2025-07-09,Milk 1L,Dairy,0,0,Low
2025-07-10,Milk 1L,Dairy,0,0,Low
2025-07-11,Milk 1L,Dairy,0,0,Low
2025-07-12,Milk 1L,Dairy,0,0,Low
2025-07-13,Milk 1L,Dairy,0,0,Low
2025-07-14,Milk 1L,Dairy,0,0,Low
2025-07-15,Milk 1L,Dairy,0,0,Low
2025-07-16,Milk 1L,Dairy,0,0,Low
2025-07-17,Milk 1L,Dairy,0,0,Low
2025-07-18,Milk 1L,Dairy,0,0,Low
2025-07-19,Milk 1L,Dairy,0,0,Low
2025-07-20,Milk 1L,Dairy,0,0,Low
2025-07-21,Milk 1L,Dairy,0,0,Low
2025-07-22,Milk 1L,Dairy,0,0,Low
2025-07-23,Milk 1L,Dairy,0,0,Low
2025-07-24,Milk 1L,Dairy,0,0,Low
2025-07-25,Milk 1L,Dairy,0,0,Low
2025-07-26,Milk 1L,Dairy,0,0,Low
2025-07-27,Milk 1L,Dairy,0,0,Low
2025-07-28,Milk 1L,Dairy,0,0,Low
2025-07-29,Milk 1L,Dairy,0,0,Low
2025-07-30,Milk 1L,Dairy,0,0,Low
2025-07-31,Milk 1L,Dairy,0,0,Low
2025-08-01,Milk 1L,Dairy,0,0,Low
2025-08-02,Milk 1L,Dairy,0,0,Low
2025-08-03,Milk 1L,Dairy,0,0,Low
2025-08-04,Milk 1L,Dairy,0,0,Low
2025-08-05,Milk 1L,Dairy,0,0,Low
2025-08-06,Milk 1L,Dairy,0,0,Low
2025-08-07,Milk 1L,Dairy,0,0,Low
2025-08-08,Milk 1L,Dairy,0,0,Low
2025-08-09,Milk 1L,Dairy,0,0,Low
2025-08-10,Milk 1L,Dairy,0,0,Low
2025-08-11,Milk 1L,Dairy,0,0,Low
2025-08-12,Milk 1L,Dairy,0,0,Low
2025-08-13,Milk 1L,Dairy,0,0,Low
2025-08-14,Milk 1L,Dairy,0,0,Low
2025-08-15,Milk 1L,Dairy,0,0,Low
2025-08-16,Milk 1L,Dairy,0,0,Low
2025-08-17,Milk 1L,Dairy,0,0,Low
2025-08-18,Milk 1L,Dairy,0,0,Low
2025-08-19,Milk 1L,Dairy,0,0,Low
2025-08-20,Milk 1L,Dairy,0,0,Low
2025-08-21,Milk 1L,Dairy,0,0,Low
2025-08-22,Milk 1L,Dairy,0,0,Low
2025-08-23,Milk 1L,Dairy,0,0,Low
2025-08-24,Milk 1L,Dairy,0,0,Low
2025-08-25,Milk 1L,Dairy,0,0,Low
2025-08-26,Milk 1L,Dairy,0,0,Low
2025-08-27,Milk 1L,Dairy,0,0,Low
2025-08-28,Milk 1L,Dairy,0,0,Low
2025-08-29,Milk 1L,Dairy,0,0,Low
2025-08-30,Milk 1L,Dairy,0,0,Low
2025-08-31,Milk 1L,Dairy,0,0,Low
2025-09-01,Milk 1L,Dairy,0,0,Low
2025-09-02,Milk 1L,Dairy,0,0,Low
2025-09-03,Milk 1L,Dairy,0,0,Low
2025-09-04,Milk 1L,Dairy,0,0,Low
2025-09-05,Milk 1L,Dairy,0,0,Low
2025-09-06,Milk 1L,Dairy,0,0,Low
2025-09-07,Milk 1L,Dairy,0,0,Low
2025-09-08,Milk 1L,Dairy,0,0,Low
2025-09-09,Milk 1L,Dairy,0,0,Low
2025-09-10,Milk 1L,Dairy,0,0,Low
2025-09-11,Milk 1L,Dairy,0,0,Low
2025-09-12,Milk 1L,Dairy,0,0,Low
2025-09-13,Milk 1L,Dairy,0,0,Low
2025-09-14,Milk 1L,Dairy,0,0,Low
2025-09-15,Milk 1L,Dairy,0,0,Low
2025-09-16,Milk 1L,Dairy,0,0,Low
2025-09-17,Milk 1L,Dairy,0,0,Low
2025-09-18,Milk 1L,Dairy,0,0,Low
2025-09-19,Milk 1L,Dairy,0,0,Low
2025-09-20,Milk 1L,Dairy,0,0,Low
2025-09-21,Milk 1L,Dairy,0,0,Low
2025-09-22,Milk 1L,Dairy,0,0,Low
2025-09-23,Milk 1L,Dairy,0,0,Low
2025-09-24,Milk 1L,Dairy,0,0,Low
2025-09-25,Milk 1L,Dairy,0,0,Low
2025-09-26,Milk 1L,Dairy,0,0,Low
2025-09-27,Milk 1L,Dairy,0,0,Low
2025-09-28,Milk 1L,Dairy,0,0,Low
2025-09-29,Milk 1L,Dairy,0,0,Low
2025-09-30,Milk 1L,Dairy,0,0,Low
2025-10-01,Milk 1L,Dairy,0,0,Low
2025-10-02,Milk 1L,Dairy,0,0,Low
2025-10-03,Milk 1L,Dairy,0,0,Low
2025-10-04,Milk 1L,Dairy,0,0,Low
2025-10-05,Milk 1L,Dairy,0,0,Low
2025-10-06,Milk 1L,Dairy,0,0,Low
2025-10-07,Milk 1L,Dairy,0,0,Low
2025-10-08,Milk 1L,Dairy,0,0,Low
2025-10-09,Milk 1L,Dairy,0,0,Low
2025-10-10,Milk 1L,Dairy,0,0,Low
2025-10-11,Milk 1L,Dairy,0,0,Low
2025-10-12,Milk 1L,Dairy,0,0,Low
2025-10-13,Milk 1L,Dairy,0,0,Low
2025-10-14,Milk 1L,Dairy,0,0,Low
2025-10-15,Milk 1L,Dairy,0,0,Low
2025-10-16,Milk 1L,Dairy,0,0,Low
2025-10-17,Milk 1L,Dairy,0,0,Low
2025-10-18,Milk 1L,Dairy,0,0,Low
2025-10-19,Milk 1L,Dairy,0,0,Low
2025-10-20,Milk 1L,Dairy,0,0,Low
2025-10-21,Milk 1L,Dairy,0,0,Low
2025-10-22,Milk 1L,Dairy,0,0,Low
2025-10-23,Milk 1L,Dairy,0,0,Low
2025-10-24,Milk 1L,Dairy,0,0,Low
2025-10-25,Milk 1L,Dairy,0,0,Low
2025-10-26,Milk 1L,Dairy,0,0,Low
2025-10-27,Milk 1L,Dairy,0,0,Low
2025-10-28,Milk 1L,Dairy,0,0,Low
2025-10-29,Milk 1L,Dairy,0,0,Low
2025-10-30,Milk 1L,Dairy,0,0,Low
2025-10-31,Milk 1L,Dairy,0,0,Low
2025-11-01,Milk 1L,Dairy,0,0,Low
2025-11-02,Milk 1L,Dairy,0,0,Low
2025-11-03,Milk 1L,Dairy,0,0,Low
2025-11-04,Milk 1L,Dairy,0,0,Low
2025-11-05,Milk 1L,Dairy,0,0,Low
2025-11-06,Milk 1L,Dairy,0,0,Low
2025-11-07,Milk 1L,Dairy,0,0,Low
2025-11-08,Milk 1L,Dairy,0,0,Low
2025-11-09,Milk 1L,Dairy,0,0,Low
2025-11-10,Milk 1L,Dairy,0,0,Low
2025-11-11,Milk 1L,Dairy,0,0,Low
2025-11-12,Milk 1L,Dairy,0,0,Low
2025-11-13,Milk 1L,Dairy,0,0,Low
2025-11-14,Milk 1L,Dairy,0,0,Low
2025-11-15,Milk 1L,Dairy,0,0,Low
2025-11-16,Milk 1L,Dairy,0,0,Low
2025-11-17,Milk 1L,Dairy,0,0,Low
2025-11-18,Milk 1L,Dairy,0,0,Low
2025-11-19,Milk 1L,Dairy,0,0,Low
2025-11-20,Milk 1L,Dairy,0,0,Low
2025-11-21,Milk 1L,Dairy,0,0,Low
2025-11-22,Milk 1L,Dairy,0,0,Low
2025-11-23,Milk 1L,Dairy,0,0,Low
2025-11-24,Milk 1L,Dairy,0,0,Low
2025-11-25,Milk 1L,Dairy,0,0,Low
2025-11-26,Milk 1L,Dairy,0,0,Low
2025-11-27,Milk 1L,Dairy,0,0,Low
2025-11-28,Milk 1L,Dairy,0,0,Low
2025-11-29,Milk 1L,Dairy,0,0,Low
2025-11-30,Milk 1L,Dairy,0,0,Low
2025-12-01,Milk 1L,Dairy,0,0,Low
2025-12-02,Milk 1L,Dairy,0,0,Low
2025-12-03,Milk 1L,Dairy,0,0,Low
2025-12-04,Milk 1L,Dairy,0,0,Low
2025-12-05,Milk 1L,Dairy,0,0,Low
2025-12-06,Milk 1L,Dairy,0,0,Low
2025-12-07,Milk 1L,Dairy,0,0,Low
2025-12-08,Milk 1L,Dairy,0,0,Low
2025-12-09,Milk 1L,Dairy,0,0,Low
2025-12-10,Milk 1L,Dairy,0,0,Low
2025-12-11,Milk 1L,Dairy,0,0,Low
2025-12-12,Milk 1L,Dairy,0,0,Low
2025-12-13,Milk 1L,Dairy,0,0,Low
2025-12-14,Milk 1L,Dairy,0,0,Low
2025-12-15,Milk 1L,Dairy,0,0,Low
2025-12-16,Milk 1L,Dairy,0,0,Low
2025-12-17,Milk 1L,Dairy,0,0,Low
2025-12-18,Milk 1L,Dairy,0,0,Low
2025-12-19,Milk 1L,Dairy,0,0,Low
2025-12-20,Milk 1L,Dairy,0,0,Low
2025-12-21,Milk 1L,Dairy,0,0,Low
2025-12-22,Milk 1L,Dairy,0,0,Low
2025-12-23,Milk 1L,Dairy,0,0,Low
2025-12-24,Milk 1L,Dairy,0,0,Low
2025-12-25,Milk 1L,Dairy,0,0,Low
2025-12-26,Milk 1L,Dairy,0,0,Low
2025-12-27,Milk 1L,Dairy,0,0,Low
2025-12-28,Milk 1L,Dairy,0,0,Low
2025-12-29,Milk 1L,Dairy,0,0,Low
2025-12-30,Milk 1L,Dairy,0,0,Low
2025-12-31,Milk 1L,Dairy,0,0,Low
2025-01-01,Cheddar Cheese,Dairy,407,20,Low
2025-01-02,Cheddar Cheese,Dairy,372,19,Low
2025-01-03,Cheddar Cheese,Dairy,339,18,Low
2025-01-04,Cheddar Cheese,Dairy,300,17,Low
2025-01-05,Cheddar Cheese,Dairy,271,16,Low
2025-01-06,Cheddar Cheese,Dairy,244,15,Low
2025-01-07,Cheddar Cheese,Dairy,221,14,Low
2025-01-08,Cheddar Cheese,Dairy,205,13,Low
2025-01-09,Cheddar Cheese,Dairy,187,12,Low
2025-01-10,Cheddar Cheese,Dairy,168,11,Low
2025-01-11,Cheddar Cheese,Dairy,153,10,Low
2025-01-12,Cheddar Cheese,Dairy,138,9,Low
2025-01-13,Cheddar Cheese,Dairy,125,8,Low
2025-01-14,Cheddar Cheese,Dairy,112,7,Low
2025-01-15,Cheddar Cheese,Dairy,104,6,Low
2025-01-16,Cheddar Cheese,Dairy,96,5,Medium
2025-01-17,Cheddar Cheese,Dairy,88,4,Medium
2025-01-18,Cheddar Cheese,Dairy,79,3,Medium
2025-01-19,Cheddar Cheese,Dairy,68,2,High
2025-01-20,Cheddar Cheese,Dairy,62,1,High
2025-01-21,Cheddar Cheese,Dairy,57,0,High
2025-01-22,Cheddar Cheese,Dairy,51,0,High
2025-01-23,Cheddar Cheese,Dairy,46,0,High
2025-01-24,Cheddar Cheese,Dairy,43,0,High
2025-01-25,Cheddar Cheese,Dairy,39,0,High
2025-01-26,Cheddar Cheese,Dairy,35,0,High
2025-01-27,Cheddar Cheese,Dairy,29,0,High
2025-01-28,Cheddar Cheese,Dairy,23,0,High
2025-01-29,Cheddar Cheese,Dairy,21,0,High
2025-01-30,Cheddar Cheese,Dairy,16,0,High
2025-01-31,Cheddar Cheese,Dairy,16,0,High
2025-02-01,Cheddar Cheese,Dairy,16,0,High
2025-02-02,Cheddar Cheese,Dairy,14,0,High
2025-02-03,Cheddar Cheese,Dairy,14,0,High
2025-02-04,Cheddar Cheese,Dairy,12,0,High
2025-02-05,Cheddar Cheese,Dairy,12,0,High
2025-02-06,Cheddar Cheese,Dairy,10,0,High
2025-02-07,Cheddar Cheese,Dairy,10,0,High
2025-02-08,Cheddar Cheese,Dairy,10,0,High
2025-02-09,Cheddar Cheese,Dairy,9,0,High
2025-02-10,Cheddar Cheese,Dairy,9,0,High
2025-02-11,Cheddar Cheese,Dairy,6,0,High
2025-02-12,Cheddar Cheese,Dairy,1,0,High
2025-02-13,Cheddar Cheese,Dairy,0,0,Low
2025-02-14,Cheddar Cheese,Dairy,0,0,Low
2025-02-15,Cheddar Cheese,Dairy,0,0,Low
2025-02-16,Cheddar Cheese,Dairy,0,0,Low
2025-02-17,Cheddar Cheese,Dairy,0,0,Low
2025-02-18,Cheddar Cheese,Dairy,0,0,Low
2025-02-19,Cheddar Cheese,Dairy,0,0,Low
2025-02-20,Cheddar Cheese,Dairy,0,0,Low
2025-02-21,Cheddar Cheese,Dairy,0,0,Low
2025-02-22,Cheddar Cheese,Dairy,0,0,Low
2025-02-23,Cheddar Cheese,Dairy,0,0,Low
2025-02-24,Cheddar Cheese,Dairy,0,0,Low
2025-02-25,Cheddar Cheese,Dairy,0,0,Low
2025-02-26,Cheddar Cheese,Dairy,0,0,Low
2025-02-27,Cheddar Cheese,Dairy,0,0,Low
2025-02-28,Cheddar Cheese,Dairy,0,0,Low
2025-03-01,Cheddar Cheese,Dairy,0,0,Low
2025-03-02,Cheddar Cheese,Dairy,0,0,Low
2025-03-03,Cheddar Cheese,Dairy,0,0,Low
2025-03-04,Cheddar Cheese,Dairy,0,0,Low
2025-03-05,Cheddar Cheese,Dairy,0,0,Low
2025-03-06,Cheddar Cheese,Dairy,0,0,Low
2025-03-07,Cheddar Cheese,Dairy,0,0,Low
2025-03-08,Cheddar Cheese,Dairy,0,0,Low
2025-03-09,Cheddar Cheese,Dairy,0,0,Low
2025-03-10,Cheddar Cheese,Dairy,0,0,Low
2025-03-11,Cheddar Cheese,Dairy,0,0,Low
2025-03-12,Cheddar Cheese,Dairy,0,0,Low
2025-03-13,Cheddar Cheese,Dairy,0,0,Low
2025-03-14,Cheddar Cheese,Dairy,0,0,Low
2025-03-15,Cheddar Cheese,Dairy,0,0,Low
2025-03-16,Cheddar Cheese,Dairy,0,0,Low
2025-03-17,Cheddar Cheese,Dairy,0,0,Low
2025-03-18,Cheddar Cheese,Dairy,0,0,Low
2025-03-19,Cheddar Cheese,Dairy,0,0,Low
2025-03-20,Cheddar Cheese,Dairy,0,0,Low
2025-03-21,Cheddar Cheese,Dairy,0,0,Low
2025-03-22,Cheddar Cheese,Dairy,0,0,Low
2025-03-23,Cheddar Cheese,Dairy,0,0,Low
2025-03-24,Cheddar Cheese,Dairy,0,0,Low
2025-03-25,Cheddar Cheese,Dairy,0,0,Low
2025-03-26,Cheddar Cheese,Dairy,0,0,Low
2025-03-27,Cheddar Cheese,Dairy,0,0,Low
2025-03-28,Cheddar Cheese,Dairy,0,0,Low
2025-03-29,Cheddar Cheese,Dairy,0,0,Low
2025-03-30,Cheddar Cheese,Dairy,0,0,Low
2025-03-31,Cheddar Cheese,Dairy,0,0,Low
2025-04-01,Cheddar Cheese,Dairy,0,0,Low
2025-04-02,Cheddar Cheese,Dairy,0,0,Low
2025-04-03,Cheddar Cheese,Dairy,0,0,Low
2025-04-04,Cheddar Cheese,Dairy,0,0,Low
2025-04-05,Cheddar Cheese,Dairy,0,0,Low
2025-04-06,Cheddar Cheese,Dairy,0,0,Low
2025-04-07,Cheddar Cheese,Dairy,0,0,Low
2025-04-08,Cheddar Cheese,Dairy,0,0,Low
2025-04-09,Cheddar Cheese,Dairy,0,0,Low
2025-04-10,Cheddar Cheese,Dairy,0,0,Low
2025-04-11,Cheddar Cheese,Dairy,0,0,Low
2025-04-12,Cheddar Cheese,Dairy,0,0,Low
2025-04-13,Cheddar Cheese,Dairy,0,0,Low
2025-04-14,Cheddar Cheese,Dairy,0,0,Low
2025-04-15,Cheddar Cheese,Dairy,0,0,Low
2025-04-16,Cheddar Cheese,Dairy,0,0,Low
2025-04-17,Cheddar Cheese,Dairy,0,0,Low
2025-04-18,Cheddar Cheese,Dairy,0,0,Low
2025-04-19,Cheddar Cheese,Dairy,0,0,Low
2025-04-20,Cheddar Cheese,Dairy,0,0,Low
2025-04-21,Cheddar Cheese,Dairy,0,0,Low
2025-04-22,Cheddar Cheese,Dairy,0,0,Low
2025-04-23,Cheddar Cheese,Dairy,0,0,Low
2025-04-24,Cheddar Cheese,Dairy,0,0,Low
2025-04-25,Cheddar Cheese,Dairy,0,0,Low
2025-04-26,Cheddar Cheese,Dairy,0,0,Low
2025-04-27,Cheddar Cheese,Dairy,0,0,Low
2025-04-28,Cheddar Cheese,Dairy,0,0,Low
2025-04-29,Cheddar Cheese,Dairy,0,0,Low
2025-04-30,Cheddar Cheese,Dairy,0,0,Low
2025-05-01,Cheddar Cheese,Dairy,0,0,Low
2025-05-02,Cheddar Cheese,Dairy,0,0,Low
2025-05-03,Cheddar Cheese,Dairy,0,0,Low
2025-05-04,Cheddar Cheese,Dairy,0,0,Low
2025-05-05,Cheddar Cheese,Dairy,0,0,Low
2025-05-06,Cheddar Cheese,Dairy,0,0,Low
2025-05-07,Cheddar Cheese,Dairy,0,0,Low
2025-05-08,Cheddar Cheese,Dairy,0,0,Low
2025-05-09,Cheddar Cheese,Dairy,0,0,Low
2025-05-10,Cheddar Cheese,Dairy,0,0,Low
2025-05-11,Cheddar Cheese,Dairy,0,0,Low
2025-05-12,Cheddar Cheese,Dairy,0,0,Low
2025-05-13,Cheddar Cheese,Dairy,0,0,Low
2025-05-14,Cheddar Cheese,Dairy,0,0,Low
2025-05-15,Cheddar Cheese,Dairy,0,0,Low
2025-05-16,Cheddar Cheese,Dairy,0,0,Low
2025-05-17,Cheddar Cheese,Dairy,0,0,Low
2025-05-18,Cheddar Cheese,Dairy,0,0,Low
2025-05-19,Cheddar Cheese,Dairy,0,0,Low
2025-05-20,Cheddar Cheese,Dairy,0,0,Low
2025-05-21,Cheddar Cheese,Dairy,0,0,Low
2025-05-22,Cheddar Cheese,Dairy,0,0,Low
2025-05-23,Cheddar Cheese,Dairy,0,0,Low
2025-05-24,Cheddar Cheese,Dairy,0,0,Low
2025-05-25,Cheddar Cheese,Dairy,0,0,Low
2025-05-26,Cheddar Cheese,Dairy,0,0,Low
2025-05-27,Cheddar Cheese,Dairy,0,0,Low
2025-05-28,Cheddar Cheese,Dairy,0,0,Low
2025-05-29,Cheddar Cheese,Dairy,0,0,Low
2025-05-30,Cheddar Cheese,Dairy,0,0,Low
2025-05-31,Cheddar Cheese,Dairy,0,0,Low
2025-06-01,Cheddar Cheese,Dairy,0,0,Low
2025-06-02,Cheddar Cheese,Dairy,0,0,Low
2025-06-03,Cheddar Cheese,Dairy,0,0,Low
2025-06-04,Cheddar Cheese,Dairy,0,0,Low
2025-06-05,Cheddar Cheese,Dairy,0,0,Low
2025-06-06,Cheddar Cheese,Dairy,0,0,Low
2025-06-07,Cheddar Cheese,Dairy,0,0,Low
2025-06-08,Cheddar Cheese,Dairy,0,0,Low
2025-06-09,Cheddar Cheese,Dairy,0,0,Low
2025-06-10,Cheddar Cheese,Dairy,0,0,Low
2025-06-11,Cheddar Cheese,Dairy,0,0,Low
2025-06-12,Cheddar Cheese,Dairy,0,0,Low
2025-06-13,Cheddar Cheese,Dairy,0,0,Low
2025-06-14,Cheddar Cheese,Dairy,0,0,Low
2025-06-15,Cheddar Cheese,Dairy,0,0,Low
2025-06-16,Cheddar Cheese,Dairy,0,0,Low
2025-06-17,Cheddar Cheese,Dairy,0,0,Low
2025-06-18,Cheddar Cheese,Dairy,0,0,Low
2025-06-19,Cheddar Cheese,Dairy,0,0,Low
2025-06-20,Cheddar Cheese,Dairy,0,0,Low
2025-06-21,Cheddar Cheese,Dairy,0,0,Low
2025-06-22,Cheddar Cheese,Dairy,0,0,Low
2025-06-23,Cheddar Cheese,Dairy,0,0,Low
2025-06-24,Cheddar Cheese,Dairy,0,0,Low
2025-06-25,Cheddar Cheese,Dairy,0,0,Low
2025-06-26,Cheddar Cheese,Dairy,0,0,Low
2025-06-27,Cheddar Cheese,Dairy,0,0,Low
2025-06-28,Cheddar Cheese,Dairy,0,0,Low
2025-06-29,Cheddar Cheese,Dairy,0,0,Low
2025-06-30,Cheddar Cheese,Dairy,0,0,Low
2025-07-01,Cheddar Cheese,Dairy,0,0,Low
2025-07-02,Cheddar Cheese,Dairy,0,0,Low
2025-07-03,Cheddar Cheese,Dairy,0,0,Low
2025-07-04,Cheddar Cheese,Dairy,0,0,Low
2025-07-05,Cheddar Cheese,Dairy,0,0,Low
2025-07-06,Cheddar Cheese,Dairy,0,0,Low
2025-07-07,Cheddar Cheese,Dairy,0,0,Low
2025-07-08,Cheddar Cheese,Dairy,0,0,Low
2025-07-09,Cheddar Cheese,Dairy,0,0,Low
2025-07-10,Cheddar Cheese,Dairy,0,0,Low
2025-07-11,Cheddar Cheese,Dairy,0,0,Low
2025-07-12,Cheddar Cheese,Dairy,0,0,Low
2025-07-13,Cheddar Cheese,Dairy,0,0,Low
2025-07-14,Cheddar Cheese,Dairy,0,0,Low
2025-07-15,Cheddar Cheese,Dairy,0,0,Low
2025-07-16,Cheddar Cheese,Dairy,0,0,Low
2025-07-17,Cheddar Cheese,Dairy,0,0,Low
2025-07-18,Cheddar Cheese,Dairy,0,0,Low
2025-07-19,Cheddar Cheese,Dairy,0,0,Low
2025-07-20,Cheddar Cheese,Dairy,0,0,Low
2025-07-21,Cheddar Cheese,Dairy,0,0,Low
2025-07-22,Cheddar Cheese,Dairy,0,0,Low
2025-07-23,Cheddar Cheese,Dairy,0,0,Low
2025-07-24,Cheddar Cheese,Dairy,0,0,Low
2025-07-25,Cheddar Cheese,Dairy,0,0,Low
2025-07-26,Cheddar Cheese,Dairy,0,0,Low
2025-07-27,Cheddar Cheese,Dairy,0,0,Low
2025-07-28,Cheddar Cheese,Dairy,0,0,Low
2025-07-29,Cheddar Cheese,Dairy,0,0,Low
2025-07-30,Cheddar Cheese,Dairy,0,0,Low
2025-07-31,Cheddar Cheese,Dairy,0,0,Low
2025-08-01,Cheddar Cheese,Dairy,0,0,Low
2025-08-02,Cheddar Cheese,Dairy,0,0,Low
2025-08-03,Cheddar Cheese,Dairy,0,0,Low
2025-08-04,Cheddar Cheese,Dairy,0,0,Low
2025-08-05,Cheddar Cheese,Dairy,0,0,Low
2025-08-06,Cheddar Cheese,Dairy,0,0,Low
2025-08-07,Cheddar Cheese,Dairy,0,0,Low
2025-08-08,Cheddar Cheese,Dairy,0,0,Low
2025-08-09,Cheddar Cheese,Dairy,0,0,Low
2025-08-10,Cheddar Cheese,Dairy,0,0,Low
2025-08-11,Cheddar Cheese,Dairy,0,0,Low
2025-08-12,Cheddar Cheese,Dairy,0,0,Low
2025-08-13,Cheddar Cheese,Dairy,0,0,Low
2025-08-14,Cheddar Cheese,Dairy,0,0,Low
2025-08-15,Cheddar Cheese,Dairy,0,0,Low
2025-08-16,Cheddar Cheese,Dairy,0,0,Low
2025-08-17,Cheddar Cheese,Dairy,0,0,Low
2025-08-18,Cheddar Cheese,Dairy,0,0,Low
2025-08-19,Cheddar Cheese,Dairy,0,0,Low
2025-08-20,Cheddar Cheese,Dairy,0,0,Low
2025-08-21,Cheddar Cheese,Dairy,0,0,Low
2025-08-22,Cheddar Cheese,Dairy,0,0,Low
2025-08-23,Cheddar Cheese,Dairy,0,0,Low
2025-08-24,Cheddar Cheese,Dairy,0,0,Low
2025-08-25,Cheddar Cheese,Dairy,0,0,Low
2025-08-26,Cheddar Cheese,Dairy,0,0,Low
2025-08-27,Cheddar Cheese,Dairy,0,0,Low
2025-08-28,Cheddar Cheese,Dairy,0,0,Low
2025-08-29,Cheddar Cheese,Dairy,0,0,Low
2025-08-30,Cheddar Cheese,Dairy,0,0,Low
2025-08-31,Cheddar Cheese,Dairy,0,0,Low
2025-09-01,Cheddar Cheese,Dairy,0,0,Low
2025-09-02,Cheddar Cheese,Dairy,0,0,Low
2025-09-03,Cheddar Cheese,Dairy,0,0,Low
2025-09-04,Cheddar Cheese,Dairy,0,0,Low
2025-09-05,Cheddar Cheese,Dairy,0,0,Low
2025-09-06,Cheddar Cheese,Dairy,0,0,Low
2025-09-07,Cheddar Cheese,Dairy,0,0,Low
2025-09-08,Cheddar Cheese,Dairy,0,0,Low
2025-09-09,Cheddar Cheese,Dairy,0,0,Low
2025-09-10,Cheddar Cheese,Dairy,0,0,Low
2025-09-11,Cheddar Cheese,Dairy,0,0,Low
2025-09-12,Cheddar Cheese,Dairy,0,0,Low
2025-09-13,Cheddar Cheese,Dairy,0,0,Low
2025-09-14,Cheddar Cheese,Dairy,0,0,Low
2025-09-15,Cheddar Cheese,Dairy,0,0,Low
2025-09-16,Cheddar Cheese,Dairy,0,0,Low
2025-09-17,Cheddar Cheese,Dairy,0,0,Low
2025-09-18,Cheddar Cheese,Dairy,0,0,Low
2025-09-19,Cheddar Cheese,Dairy,0,0,Low
2025-09-20,Cheddar Cheese,Dairy,0,0,Low
2025-09-21,Cheddar Cheese,Dairy,0,0,Low
2025-09-22,Cheddar Cheese,Dairy,0,0,Low
2025-09-23,Cheddar Cheese,Dairy,0,0,Low
2025-09-24,Cheddar Cheese,Dairy,0,0,Low
2025-09-25,Cheddar Cheese,Dairy,0,0,Low
2025-09-26,Cheddar Cheese,Dairy,0,0,Low
2025-09-27,Cheddar Cheese,Dairy,0,0,Low
2025-09-28,Cheddar Cheese,Dairy,0,0,Low
2025-09-29,Cheddar Cheese,Dairy,0,0,Low
2025-09-30,Cheddar Cheese,Dairy,0,0,Low
2025-10-01,Cheddar Cheese,Dairy,0,0,Low
2025-10-02,Cheddar Cheese,Dairy,0,0,Low
2025-10-03,Cheddar Cheese,Dairy,0,0,Low
2025-10-04,Cheddar Cheese,Dairy,0,0,Low
2025-10-05,Cheddar Cheese,Dairy,0,0,Low
2025-10-06,Cheddar Cheese,Dairy,0,0,Low
2025-10-07,Cheddar Cheese,Dairy,0,0,Low
2025-10-08,Cheddar Cheese,Dairy,0,0,Low
2025-10-09,Cheddar Cheese,Dairy,0,0,Low
2025-10-10,Cheddar Cheese,Dairy,0,0,Low
2025-10-11,Cheddar Cheese,Dairy,0,0,Low
2025-10-12,Cheddar Cheese,Dairy,0,0,Low
2025-10-13,Cheddar Cheese,Dairy,0,0,Low
2025-10-14,Cheddar Cheese,Dairy,0,0,Low
2025-10-15,Cheddar Cheese,Dairy,0,0,Low
2025-10-16,Cheddar Cheese,Dairy,0,0,Low
2025-10-17,Cheddar Cheese,Dairy,0,0,Low
2025-10-18,Cheddar Cheese,Dairy,0,0,Low
2025-10-19,Cheddar Cheese,Dairy,0,0,Low
2025-10-20,Cheddar Cheese,Dairy,0,0,Low
2025-10-21,Cheddar Cheese,Dairy,0,0,Low
2025-10-22,Cheddar Cheese,Dairy,0,0,Low
2025-10-23,Cheddar Cheese,Dairy,0,0,Low
2025-10-24,Cheddar Cheese,Dairy,0,0,Low
2025-10-25,Cheddar Cheese,Dairy,0,0,Low
2025-10-26,Cheddar Cheese,Dairy,0,0,Low
2025-10-27,Cheddar Cheese,Dairy,0,0,Low
2025-10-28,Cheddar Cheese,Dairy,0,0,Low
2025-10-29,Cheddar Cheese,Dairy,0,0,Low
2025-10-30,Cheddar Cheese,Dairy,0,0,Low
2025-10-31,Cheddar Cheese,Dairy,0,0,Low
2025-11-01,Cheddar Cheese,Dairy,0,0,Low
2025-11-02,Cheddar Cheese,Dairy,0,0,Low
2025-11-03,Cheddar Cheese,Dairy,0,0,Low
2025-11-04,Cheddar Cheese,Dairy,0,0,Low
2025-11-05,Cheddar Cheese,Dairy,0,0,Low
2025-11-06,Cheddar Cheese,Dairy,0,0,Low
2025-11-07,Cheddar Cheese,Dairy,0,0,Low
2025-11-08,Cheddar Cheese,Dairy,0,0,Low
2025-11-09,Cheddar Cheese,Dairy,0,0,Low
2025-11-10,Cheddar Cheese,Dairy,0,0,Low
2025-11-11,Cheddar Cheese,Dairy,0,0,Low
2025-11-12,Cheddar Cheese,Dairy,0,0,Low
2025-11-13,Cheddar Cheese,Dairy,0,0,Low
2025-11-14,Cheddar Cheese,Dairy,0,0,Low
2025-11-15,Cheddar Cheese,Dairy,0,0,Low
2025-11-16,Cheddar Cheese,Dairy,0,0,Low
2025-11-17,Cheddar Cheese,Dairy,0,0,Low
2025-11-18,Cheddar Cheese,Dairy,0,0,Low
2025-11-19,Cheddar Cheese,Dairy,0,0,Low
2025-11-20,Cheddar Cheese,Dairy,0,0,Low
2025-11-21,Cheddar Cheese,Dairy,0,0,Low
2025-11-22,Cheddar Cheese,Dairy,0,0,Low
2025-11-23,Cheddar Cheese,Dairy,0,0,Low
2025-11-24,Cheddar Cheese,Dairy,0,0,Low
2025-11-25,Cheddar Cheese,Dairy,0,0,Low
2025-11-26,Cheddar Cheese,Dairy,0,0,Low
2025-11-27,Cheddar Cheese,Dairy,0,0,Low
2025-11-28,Cheddar Cheese,Dairy,0,0,Low
2025-11-29,Cheddar Cheese,Dairy,0,0,Low
2025-11-30,Cheddar Cheese,Dairy,0,0,Low
2025-12-01,Cheddar Cheese,Dairy,0,0,Low
2025-12-02,Cheddar Cheese,Dairy,0,0,Low
2025-12-03,Cheddar Cheese,Dairy,0,0,Low
2025-12-04,Cheddar Cheese,Dairy,0,0,Low
2025-12-05,Cheddar Cheese,Dairy,0,0,Low
2025-12-06,Cheddar Cheese,Dairy,0,0,Low
2025-12-07,Cheddar Cheese,Dairy,0,0,Low
2025-12-08,Cheddar Cheese,Dairy,0,0,Low
2025-12-09,Cheddar Cheese,Dairy,0,0,Low
2025-12-10,Cheddar Cheese,Dairy,0,0,Low
2025-12-11,Cheddar Cheese,Dairy,0,0,Low
2025-12-12,Cheddar Cheese,Dairy,0,0,Low
2025-12-13,Cheddar Cheese,Dairy,0,0,Low
2025-12-14,Cheddar Cheese,Dairy,0,0,Low
2025-12-15,Cheddar Cheese,Dairy,0,0,Low
2025-12-16,Cheddar Cheese,Dairy,0,0,Low
2025-12-17,Cheddar Cheese,Dairy,0,0,Low
2025-12-18,Cheddar Cheese,Dairy,0,0,Low
2025-12-19,Cheddar Cheese,Dairy,0,0,Low
2025-12-20,Cheddar Cheese,Dairy,0,0,Low
2025-12-21,Cheddar Cheese,Dairy,0,0,Low
2025-12-22,Cheddar Cheese,Dairy,0,0,Low
2025-12-23,Cheddar Cheese,Dairy,0,0,Low
2025-12-24,Cheddar Cheese,Dairy,0,0,Low
2025-12-25,Cheddar Cheese,Dairy,0,0,Low
2025-12-26,Cheddar Cheese,Dairy,0,0,Low
2025-12-27,Cheddar Cheese,Dairy,0,0,Low
2025-12-28,Cheddar Cheese,Dairy,0,0,Low
2025-12-29,Cheddar Cheese,Dairy,0,0,Low
2025-12-30,Cheddar Cheese,Dairy,0,0,Low
2025-12-31,Cheddar Cheese,Dairy,0,0,Low
2025-01-01,Yogurt,Dairy,336,10,Low
2025-01-02,Yogurt,Dairy,311,9,Low
2025-01-03,Yogurt,Dairy,280,8,Low
2025-01-04,Yogurt,Dairy,253,7,Low
2025-01-05,Yogurt,Dairy,223,6,Low
2025-01-06,Yogurt,Dairy,192,5,Medium
2025-01-07,Yogurt,Dairy,177,4,Medium
2025-01-08,Yogurt,Dairy,160,3,Medium
2025-01-09,Yogurt,Dairy,146,2,High
2025-01-10,Yogurt,Dairy,127,1,High
2025-01-11,Yogurt,Dairy,113,0,High
2025-01-12,Yogurt,Dairy,99,0,High
2025-01-13,Yogurt,Dairy,86,0,High
2025-01-14,Yogurt,Dairy,75,0,High
2025-01-15,Yogurt,Dairy,68,0,High
2025-01-16,Yogurt,Dairy,63,0,High
2025-01-17,Yogurt,Dairy,57,0,High
2025-01-18,Yogurt,Dairy,50,0,High
2025-01-19,Yogurt,Dairy,45,0,High
2025-01-20,Yogurt,Dairy,44,0,High
2025-01-21,Yogurt,Dairy,38,0,High
2025-01-22,Yogurt,Dairy,33,0,High
2025-01-23,Yogurt,Dairy,27,0,High
2025-01-24,Yogurt,Dairy,26,0,High
2025-01-25,Yogurt,Dairy,25,0,High
2025-01-26,Yogurt,Dairy,24,0,High
2025-01-27,Yogurt,Dairy,21,0,High
2025-01-28,Yogurt,Dairy,19,0,High
2025-01-29,Yogurt,Dairy,19,0,High
2025-01-30,Yogurt,Dairy,19,0,High
2025-01-31,Yogurt,Dairy,19,0,High
2025-02-01,Yogurt,Dairy,19,0,High
2025-02-02,Yogurt,Dairy,18,0,High
2025-02-03,Yogurt,Dairy,15,0,High
2025-02-04,Yogurt,Dairy,14,0,High
2025-02-05,Yogurt,Dairy,14,0,High
2025-02-06,Yogurt,Dairy,11,0,High
2025-02-07,Yogurt,Dairy,10,0,High
2025-02-08,Yogurt,Dairy,10,0,High
2025-02-09,Yogurt,Dairy,10,0,High
2025-02-10,Yogurt,Dairy,9,0,High
2025-02-11,Yogurt,Dairy,8,0,High
2025-02-12,Yogurt,Dairy,6,0,High
2025-02-13,Yogurt,Dairy,5,0,High
2025-02-14,Yogurt,Dairy,5,0,High
2025-02-15,Yogurt,Dairy,1,0,High
2025-02-16,Yogurt,Dairy,0,0,Low
2025-02-17,Yogurt,Dairy,0,0,Low
2025-02-18,Yogurt,Dairy,0,0,Low
2025-02-19,Yogurt,Dairy,0,0,Low
2025-02-20,Yogurt,Dairy,0,0,Low
2025-02-21,Yogurt,Dairy,0,0,Low
2025-02-22,Yogurt,Dairy,0,0,Low
2025-02-23,Yogurt,Dairy,0,0,Low
2025-02-24,Yogurt,Dairy,0,0,Low
2025-02-25,Yogurt,Dairy,0,0,Low
2025-02-26,Yogurt,Dairy,0,0,Low
2025-02-27,Yogurt,Dairy,0,0,Low
2025-02-28,Yogurt,Dairy,0,0,Low
2025-03-01,Yogurt,Dairy,0,0,Low
2025-03-02,Yogurt,Dairy,0,0,Low
2025-03-03,Yogurt,Dairy,0,0,Low
2025-03-04,Yogurt,Dairy,0,0,Low
2025-03-05,Yogurt,Dairy,0,0,Low
2025-03-06,Yogurt,Dairy,0,0,Low
2025-03-07,Yogurt,Dairy,0,0,Low
2025-03-08,Yogurt,Dairy,0,0,Low
2025-03-09,Yogurt,Dairy,0,0,Low
2025-03-10,Yogurt,Dairy,0,0,Low
2025-03-11,Yogurt,Dairy,0,0,Low
2025-03-12,Yogurt,Dairy,0,0,Low
2025-03-13,Yogurt,Dairy,0,0,Low
2025-03-14,Yogurt,Dairy,0,0,Low
2025-03-15,Yogurt,Dairy,0,0,Low
2025-03-16,Yogurt,Dairy,0,0,Low
2025-03-17,Yogurt,Dairy,0,0,Low
2025-03-18,Yogurt,Dairy,0,0,Low
2025-03-19,Yogurt,Dairy,0,0,Low
2025-03-20,Yogurt,Dairy,0,0,Low
2025-03-21,Yogurt,Dairy,0,0,Low
2025-03-22,Yogurt,Dairy,0,0,Low
2025-03-23,Yogurt,Dairy,0,0,Low
2025-03-24,Yogurt,Dairy,0,0,Low
2025-03-25,Yogurt,Dairy,0,0,Low
2025-03-26,Yogurt,Dairy,0,0,Low
2025-03-27,Yogurt,Dairy,0,0,Low
2025-03-28,Yogurt,Dairy,0,0,Low
2025-03-29,Yogurt,Dairy,0,0,Low
2025-03-30,Yogurt,Dairy,0,0,Low
2025-03-31,Yogurt,Dairy,0,0,Low
2025-04-01,Yogurt,Dairy,0,0,Low
2025-04-02,Yogurt,Dairy,0,0,Low
2025-04-03,Yogurt,Dairy,0,0,Low
2025-04-04,Yogurt,Dairy,0,0,Low
2025-04-05,Yogurt,Dairy,0,0,Low
2025-04-06,Yogurt,Dairy,0,0,Low
2025-04-07,Yogurt,Dairy,0,0,Low
2025-04-08,Yogurt,Dairy,0,0,Low
2025-04-09,Yogurt,Dairy,0,0,Low
2025-04-10,Yogurt,Dairy,0,0,Low
2025-04-11,Yogurt,Dairy,0,0,Low
2025-04-12,Yogurt,Dairy,0,0,Low
2025-04-13,Yogurt,Dairy,0,0,Low
2025-04-14,Yogurt,Dairy,0,0,Low
2025-04-15,Yogurt,Dairy,0,0,Low
2025-04-16,Yogurt,Dairy,0,0,Low
2025-04-17,Yogurt,Dairy,0,0,Low
2025-04-18,Yogurt,Dairy,0,0,Low
2025-04-19,Yogurt,Dairy,0,0,Low
2025-04-20,Yogurt,Dairy,0,0,Low
2025-04-21,Yogurt,Dairy,0,0,Low
2025-04-22,Yogurt,Dairy,0,0,Low
2025-04-23,Yogurt,Dairy,0,0,Low
2025-04-24,Yogurt,Dairy,0,0,Low
2025-04-25,Yogurt,Dairy,0,0,Low
2025-04-26,Yogurt,Dairy,0,0,Low
2025-04-27,Yogurt,Dairy,0,0,Low
2025-04-28,Yogurt,Dairy,0,0,Low
2025-04-29,Yogurt,Dairy,0,0,Low
2025-04-30,Yogurt,Dairy,0,0,Low
2025-05-01,Yogurt,Dairy,0,0,Low
2025-05-02,Yogurt,Dairy,0,0,Low
2025-05-03,Yogurt,Dairy,0,0,Low
2025-05-04,Yogurt,Dairy,0,0,Low
2025-05-05,Yogurt,Dairy,0,0,Low
2025-05-06,Yogurt,Dairy,0,0,Low
2025-05-07,Yogurt,Dairy,0,0,Low
2025-05-08,Yogurt,Dairy,0,0,Low
2025-05-09,Yogurt,Dairy,0,0,Low
2025-05-10,Yogurt,Dairy,0,0,Low
2025-05-11,Yogurt,Dairy,0,0,Low
2025-05-12,Yogurt,Dairy,0,0,Low
2025-05-13,Yogurt,Dairy,0,0,Low
2025-05-14,Yogurt,Dairy,0,0,Low
2025-05-15,Yogurt,Dairy,0,0,Low
2025-05-16,Yogurt,Dairy,0,0,Low
2025-05-17,Yogurt,Dairy,0,0,Low
2025-05-18,Yogurt,Dairy,0,0,Low
2025-05-19,Yogurt,Dairy,0,0,Low
2025-05-20,Yogurt,Dairy,0,0,Low
2025-05-21,Yogurt,Dairy,0,0,Low
2025-05-22,Yogurt,Dairy,0,0,Low
2025-05-23,Yogurt,Dairy,0,0,Low
2025-05-24,Yogurt,Dairy,0,0,Low
2025-05-25,Yogurt,Dairy,0,0,Low
2025-05-26,Yogurt,Dairy,0,0,Low
2025-05-27,Yogurt,Dairy,0,0,Low
2025-05-28,Yogurt,Dairy,0,0,Low
2025-05-29,Yogurt,Dairy,0,0,Low
2025-05-30,Yogurt,Dairy,0,0,Low
2025-05-31,Yogurt,Dairy,0,0,Low
2025-06-01,Yogurt,Dairy,0,0,Low
2025-06-02,Yogurt,Dairy,0,0,Low
2025-06-03,Yogurt,Dairy,0,0,Low
2025-06-04,Yogurt,Dairy,0,0,Low
2025-06-05,Yogurt,Dairy,0,0,Low
2025-06-06,Yogurt,Dairy,0,0,Low
2025-06-07,Yogurt,Dairy,0,0,Low
2025-06-08,Yogurt,Dairy,0,0,Low
2025-06-09,Yogurt,Dairy,0,0,Low
2025-06-10,Yogurt,Dairy,0,0,Low
2025-06-11,Yogurt,Dairy,0,0,Low
2025-06-12,Yogurt,Dairy,0,0,Low
2025-06-13,Yogurt,Dairy,0,0,Low
2025-06-14,Yogurt,Dairy,0,0,Low
2025-06-15,Yogurt,Dairy,0,0,Low
2025-06-16,Yogurt,Dairy,0,0,Low
2025-06-17,Yogurt,Dairy,0,0,Low
2025-06-18,Yogurt,Dairy,0,0,Low
2025-06-19,Yogurt,Dairy,0,0,Low
2025-06-20,Yogurt,Dairy,0,0,Low
2025-06-21,Yogurt,Dairy,0,0,Low
2025-06-22,Yogurt,Dairy,0,0,Low
2025-06-23,Yogurt,Dairy,0,0,Low
2025-06-24,Yogurt,Dairy,0,0,Low
2025-06-25,Yogurt,Dairy,0,0,Low
2025-06-26,Yogurt,Dairy,0,0,Low
2025-06-27,Yogurt,Dairy,0,0,Low
2025-06-28,Yogurt,Dairy,0,0,Low
2025-06-29,Yogurt,Dairy,0,0,Low
2025-06-30,Yogurt,Dairy,0,0,Low
2025-07-01,Yogurt,Dairy,0,0,Low
2025-07-02,Yogurt,Dairy,0,0,Low
2025-07-03,Yogurt,Dairy,0,0,Low
2025-07-04,Yogurt,Dairy,0,0,Low
2025-07-05,Yogurt,Dairy,0,0,Low
2025-07-06,Yogurt,Dairy,0,0,Low
2025-07-07,Yogurt,Dairy,0,0,Low
2025-07-08,Yogurt,Dairy,0,0,Low
2025-07-09,Yogurt,Dairy,0,0,Low
2025-07-10,Yogurt,Dairy,0,0,Low
2025-07-11,Yogurt,Dairy,0,0,Low
2025-07-12,Yogurt,Dairy,0,0,Low
2025-07-13,Yogurt,Dairy,0,0,Low
2025-07-14,Yogurt,Dairy,0,0,Low
2025-07-15,Yogurt,Dairy,0,0,Low
2025-07-16,Yogurt,Dairy,0,0,Low
2025-07-17,Yogurt,Dairy,0,0,Low
2025-07-18,Yogurt,Dairy,0,0,Low
2025-07-19,Yogurt,Dairy,0,0,Low
2025-07-20,Yogurt,Dairy,0,0,Low
2025-07-21,Yogurt,Dairy,0,0,Low
2025-07-22,Yogurt,Dairy,0,0,Low
2025-07-23,Yogurt,Dairy,0,0,Low
2025-07-24,Yogurt,Dairy,0,0,Low
2025-07-25,Yogurt,Dairy,0,0,Low
2025-07-26,Yogurt,Dairy,0,0,Low
2025-07-27,Yogurt,Dairy,0,0,Low
2025-07-28,Yogurt,Dairy,0,0,Low
2025-07-29,Yogurt,Dairy,0,0,Low
2025-07-30,Yogurt,Dairy,0,0,Low
2025-07-31,Yogurt,Dairy,0,0,Low
2025-08-01,Yogurt,Dairy,0,0,Low
2025-08-02,Yogurt,Dairy,0,0,Low
2025-08-03,Yogurt,Dairy,0,0,Low
2025-08-04,Yogurt,Dairy,0,0,Low
2025-08-05,Yogurt,Dairy,0,0,Low
2025-08-06,Yogurt,Dairy,0,0,Low
2025-08-07,Yogurt,Dairy,0,0,Low
2025-08-08,Yogurt,Dairy,0,0,Low
2025-08-09,Yogurt,Dairy,0,0,Low
2025-08-10,Yogurt,Dairy,0,0,Low
2025-08-11,Yogurt,Dairy,0,0,Low
2025-08-12,Yogurt,Dairy,0,0,Low
2025-08-13,Yogurt,Dairy,0,0,Low
2025-08-14,Yogurt,Dairy,0,0,Low
2025-08-15,Yogurt,Dairy,0,0,Low
2025-08-16,Yogurt,Dairy,0,0,Low
2025-08-17,Yogurt,Dairy,0,0,Low
2025-08-18,Yogurt,Dairy,0,0,Low
2025-08-19,Yogurt,Dairy,0,0,Low
2025-08-20,Yogurt,Dairy,0,0,Low
2025-08-21,Yogurt,Dairy,0,0,Low
2025-08-22,Yogurt,Dairy,0,0,Low
2025-08-23,Yogurt,Dairy,0,0,Low
2025-08-24,Yogurt,Dairy,0,0,Low
2025-08-25,Yogurt,Dairy,0,0,Low
2025-08-26,Yogurt,Dairy,0,0,Low
2025-08-27,Yogurt,Dairy,0,0,Low
2025-08-28,Yogurt,Dairy,0,0,Low
2025-08-29,Yogurt,Dairy,0,0,Low
2025-08-30,Yogurt,Dairy,0,0,Low
2025-08-31,Yogurt,Dairy,0,0,Low
2025-09-01,Yogurt,Dairy,0,0,Low
2025-09-02,Yogurt,Dairy,0,0,Low
2025-09-03,Yogurt,Dairy,0,0,Low
2025-09-04,Yogurt,Dairy,0,0,Low
2025-09-05,Yogurt,Dairy,0,0,Low
2025-09-06,Yogurt,Dairy,0,0,Low
2025-09-07,Yogurt,Dairy,0,0,Low
2025-09-08,Yogurt,Dairy,0,0,Low
2025-09-09,Yogurt,Dairy,0,0,Low
2025-09-10,Yogurt,Dairy,0,0,Low
2025-09-11,Yogurt,Dairy,0,0,Low
2025-09-12,Yogurt,Dairy,0,0,Low
2025-09-13,Yogurt,Dairy,0,0,Low
2025-09-14,Yogurt,Dairy,0,0,Low
2025-09-15,Yogurt,Dairy,0,0,Low
2025-09-16,Yogurt,Dairy,0,0,Low
2025-09-17,Yogurt,Dairy,0,0,Low
2025-09-18,Yogurt,Dairy,0,0,Low
2025-09-19,Yogurt,Dairy,0,0,Low
2025-09-20,Yogurt,Dairy,0,0,Low
2025-09-21,Yogurt,Dairy,0,0,Low
2025-09-22,Yogurt,Dairy,0,0,Low
2025-09-23,Yogurt,Dairy,0,0,Low
2025-09-24,Yogurt,Dairy,0,0,Low
2025-09-25,Yogurt,Dairy,0,0,Low
2025-09-26,Yogurt,Dairy,0,0,Low
2025-09-27,Yogurt,Dairy,0,0,Low
2025-09-28,Yogurt,Dairy,0,0,Low
2025-09-29,Yogurt,Dairy,0,0,Low
2025-09-30,Yogurt,Dairy,0,0,Low
2025-10-01,Yogurt,Dairy,0,0,Low
2025-10-02,Yogurt,Dairy,0,0,Low
2025-10-03,Yogurt,Dairy,0,0,Low
2025-10-04,Yogurt,Dairy,0,0,Low
2025-10-05,Yogurt,Dairy,0,0,Low
2025-10-06,Yogurt,Dairy,0,0,Low
2025-10-07,Yogurt,Dairy,0,0,Low
2025-10-08,Yogurt,Dairy,0,0,Low
2025-10-09,Yogurt,Dairy,0,0,Low
2025-10-10,Yogurt,Dairy,0,0,Low
2025-10-11,Yogurt,Dairy,0,0,Low
2025-10-12,Yogurt,Dairy,0,0,Low
2025-10-13,Yogurt,Dairy,0,0,Low
2025-10-14,Yogurt,Dairy,0,0,Low
2025-10-15,Yogurt,Dairy,0,0,Low
2025-10-16,Yogurt,Dairy,0,0,Low
2025-10-17,Yogurt,Dairy,0,0,Low
2025-10-18,Yogurt,Dairy,0,0,Low
2025-10-19,Yogurt,Dairy,0,0,Low
2025-10-20,Yogurt,Dairy,0,0,Low
2025-10-21,Yogurt,Dairy,0,0,Low
2025-10-22,Yogurt,Dairy,0,0,Low
2025-10-23,Yogurt,Dairy,0,0,Low
2025-10-24,Yogurt,Dairy,0,0,Low
2025-10-25,Yogurt,Dairy,0,0,Low
2025-10-26,Yogurt,Dairy,0,0,Low
2025-10-27,Yogurt,Dairy,0,0,Low
2025-10-28,Yogurt,Dairy,0,0,Low
2025-10-29,Yogurt,Dairy,0,0,Low
2025-10-30,Yogurt,Dairy,0,0,Low
2025-10-31,Yogurt,Dairy,0,0,Low
2025-11-01,Yogurt,Dairy,0,0,Low
2025-11-02,Yogurt,Dairy,0,0,Low
2025-11-03,Yogurt,Dairy,0,0,Low
2025-11-04,Yogurt,Dairy,0,0,Low
2025-11-05,Yogurt,Dairy,0,0,Low
2025-11-06,Yogurt,Dairy,0,0,Low
2025-11-07,Yogurt,Dairy,0,0,Low
2025-11-08,Yogurt,Dairy,0,0,Low
2025-11-09,Yogurt,Dairy,0,0,Low
2025-11-10,Yogurt,Dairy,0,0,Low
2025-11-11,Yogurt,Dairy,0,0,Low
2025-11-12,Yogurt,Dairy,0,0,Low
2025-11-13,Yogurt,Dairy,0,0,Low
2025-11-14,Yogurt,Dairy,0,0,Low
2025-11-15,Yogurt,Dairy,0,0,Low
2025-11-16,Yogurt,Dairy,0,0,Low
2025-11-17,Yogurt,Dairy,0,0,Low
2025-11-18,Yogurt,Dairy,0,0,Low
2025-11-19,Yogurt,Dairy,0,0,Low
2025-11-20,Yogurt,Dairy,0,0,Low
2025-11-21,Yogurt,Dairy,0,0,Low
2025-11-22,Yogurt,Dairy,0,0,Low
2025-11-23,Yogurt,Dairy,0,0,Low
2025-11-24,Yogurt,Dairy,0,0,Low
2025-11-25,Yogurt,Dairy,0,0,Low
2025-11-26,Yogurt,Dairy,0,0,Low
2025-11-27,Yogurt,Dairy,0,0,Low
2025-11-28,Yogurt,Dairy,0,0,Low
2025-11-29,Yogurt,Dairy,0,0,Low
2025-11-30,Yogurt,Dairy,0,0,Low
2025-12-01,Yogurt,Dairy,0,0,Low
2025-12-02,Yogurt,Dairy,0,0,Low
2025-12-03,Yogurt,Dairy,0,0,Low
2025-12-04,Yogurt,Dairy,0,0,Low
2025-12-05,Yogurt,Dairy,0,0,Low
2025-12-06,Yogurt,Dairy,0,0,Low
2025-12-07,Yogurt,Dairy,0,0,Low
2025-12-08,Yogurt,Dairy,0,0,Low
2025-12-09,Yogurt,Dairy,0,0,Low
2025-12-10,Yogurt,Dairy,0,0,Low
2025-12-11,Yogurt,Dairy,0,0,Low
2025-12-12,Yogurt,Dairy,0,0,Low
2025-12-13,Yogurt,Dairy,0,0,Low
2025-12-14,Yogurt,Dairy,0,0,Low
2025-12-15,Yogurt,Dairy,0,0,Low
2025-12-16,Yogurt,Dairy,0,0,Low
2025-12-17,Yogurt,Dairy,0,0,Low
2025-12-18,Yogurt,Dairy,0,0,Low
2025-12-19,Yogurt,Dairy,0,0,Low
2025-12-20,Yogurt,Dairy,0,0,Low
2025-12-21,Yogurt,Dairy,0,0,Low
2025-12-22,Yogurt,Dairy,0,0,Low
2025-12-23,Yogurt,Dairy,0,0,Low
2025-12-24,Yogurt,Dairy,0,0,Low
2025-12-25,Yogurt,Dairy,0,0,Low
2025-12-26,Yogurt,Dairy,0,0,Low
2025-12-27,Yogurt,Dairy,0,0,Low
2025-12-28,Yogurt,Dairy,0,0,Low
2025-12-29,Yogurt,Dairy,0,0,Low
2025-12-30,Yogurt,Dairy,0,0,Low
2025-12-31,Yogurt,Dairy,0,0,Low
2025-01-01,Banana,Produce,183,5,Medium
2025-01-02,Banana,Produce,165,4,Medium
2025-01-03,Banana,Produce,153,3,Medium
2025-01-04,Banana,Produce,141,2,High
2025-01-05,Banana,Produce,132,1,High
2025-01-06,Banana,Produce,123,0,High
2025-01-07,Banana,Produce,113,0,High
2025-01-08,Banana,Produce,102,0,High
2025-01-09,Banana,Produce,93,0,High
2025-01-10,Banana,Produce,81,0,High
2025-01-11,Banana,Produce,72,0,High
2025-01-12,Banana,Produce,65,0,High
2025-01-13,Banana,Produce,58,0,High
2025-01-14,Banana,Produce,54,0,High
2025-01-15,Banana,Produce,49,0,High
2025-01-16,Banana,Produce,47,0,High
2025-01-17,Banana,Produce,46,0,High
2025-01-18,Banana,Produce,38,0,High
2025-01-19,Banana,Produce,35,0,High
2025-01-20,Banana,Produce,35,0,High
2025-01-21,Banana,Produce,34,0,High
2025-01-22,Banana,Produce,34,0,High
2025-01-23,Banana,Produce,27,0,High
2025-01-24,Banana,Produce,25,0,High
2025-01-25,Banana,Produce,24,0,High
2025-01-26,Banana,Produce,19,0,High
2025-01-27,Banana,Produce,17,0,High
2025-01-28,Banana,Produce,14,0,High
2025-01-29,Banana,Produce,12,0,High
2025-01-30,Banana,Produce,9,0,High
2025-01-31,Banana,Produce,9,0,High
2025-02-01,Banana,Produce,5,0,High
2025-02-02,Banana,Produce,5,0,High
2025-02-03,Banana,Produce,5,0,High
2025-02-04,Banana,Produce,4,0,High
2025-02-05,Banana,Produce,0,0,Low
2025-02-06,Banana,Produce,0,0,Low
2025-02-07,Banana,Produce,0,0,Low
2025-02-08,Banana,Produce,0,0,Low
2025-02-09,Banana,Produce,0,0,Low
2025-02-10,Banana,Produce,0,0,Low
2025-02-11,Banana,Produce,0,0,Low
2025-02-12,Banana,Produce,0,0,Low
2025-02-13,Banana,Produce,0,0,Low
2025-02-14,Banana,Produce,0,0,Low
2025-02-15,Banana,Produce,0,0,Low
2025-02-16,Banana,Produce,0,0,Low
2025-02-17,Banana,Produce,0,0,Low
2025-02-18,Banana,Produce,0,0,Low
2025-02-19,Banana,Produce,0,0,Low
2025-02-20,Banana,Produce,0,0,Low
2025-02-21,Banana,Produce,0,0,Low
2025-02-22,Banana,Produce,0,0,Low
2025-02-23,Banana,Produce,0,0,Low
2025-02-24,Banana,Produce,0,0,Low
2025-02-25,Banana,Produce,0,0,Low
2025-02-26,Banana,Produce,0,0,Low
2025-02-27,Banana,Produce,0,0,Low
2025-02-28,Banana,Produce,0,0,Low
2025-03-01,Banana,Produce,0,0,Low
2025-03-02,Banana,Produce,0,0,Low
2025-03-03,Banana,Produce,0,0,Low
2025-03-04,Banana,Produce,0,0,Low
2025-03-05,Banana,Produce,0,0,Low
2025-03-06,Banana,Produce,0,0,Low
2025-03-07,Banana,Produce,0,0,Low
2025-03-08,Banana,Produce,0,0,Low
2025-03-09,Banana,Produce,0,0,Low
2025-03-10,Banana,Produce,0,0,Low
2025-03-11,Banana,Produce,0,0,Low
2025-03-12,Banana,Produce,0,0,Low
2025-03-13,Banana,Produce,0,0,Low
2025-03-14,Banana,Produce,0,0,Low
2025-03-15,Banana,Produce,0,0,Low
2025-03-16,Banana,Produce,0,0,Low
2025-03-17,Banana,Produce,0,0,Low
2025-03-18,Banana,Produce,0,0,Low
2025-03-19,Banana,Produce,0,0,Low
2025-03-20,Banana,Produce,0,0,Low
2025-03-21,Banana,Produce,0,0,Low
2025-03-22,Banana,Produce,0,0,Low
2025-03-23,Banana,Produce,0,0,Low
2025-03-24,Banana,Produce,0,0,Low
2025-03-25,Banana,Produce,0,0,Low
2025-03-26,Banana,Produce,0,0,Low
2025-03-27,Banana,Produce,0,0,Low
2025-03-28,Banana,Produce,0,0,Low
2025-03-29,Banana,Produce,0,0,Low
2025-03-30,Banana,Produce,0,0,Low
2025-03-31,Banana,Produce,0,0,Low
2025-04-01,Banana,Produce,0,0,Low
2025-04-02,Banana,Produce,0,0,Low
2025-04-03,Banana,Produce,0,0,Low
2025-04-04,Banana,Produce,0,0,Low
2025-04-05,Banana,Produce,0,0,Low
2025-04-06,Banana,Produce,0,0,Low
2025-04-07,Banana,Produce,0,0,Low
2025-04-08,Banana,Produce,0,0,Low
2025-04-09,Banana,Produce,0,0,Low
2025-04-10,Banana,Produce,0,0,Low
2025-04-11,Banana,Produce,0,0,Low
2025-04-12,Banana,Produce,0,0,Low
2025-04-13,Banana,Produce,0,0,Low
2025-04-14,Banana,Produce,0,0,Low
2025-04-15,Banana,Produce,0,0,Low
2025-04-16,Banana,Produce,0,0,Low
2025-04-17,Banana,Produce,0,0,Low
2025-04-18,Banana,Produce,0,0,Low
2025-04-19,Banana,Produce,0,0,Low
2025-04-20,Banana,Produce,0,0,Low
2025-04-21,Banana,Produce,0,0,Low
2025-04-22,Banana,Produce,0,0,Low
2025-04-23,Banana,Produce,0,0,Low
2025-04-24,Banana,Produce,0,0,Low
2025-04-25,Banana,Produce,0,0,Low
2025-04-26,Banana,Produce,0,0,Low
2025-04-27,Banana,Produce,0,0,Low
2025-04-28,Banana,Produce,0,0,Low
2025-04-29,Banana,Produce,0,0,Low
2025-04-30,Banana,Produce,0,0,Low
2025-05-01,Banana,Produce,0,0,Low
2025-05-02,Banana,Produce,0,0,Low
2025-05-03,Banana,Produce,0,0,Low
2025-05-04,Banana,Produce,0,0,Low
2025-05-05,Banana,Produce,0,0,Low
2025-05-06,Banana,Produce,0,0,Low
2025-05-07,Banana,Produce,0,0,Low
2025-05-08,Banana,Produce,0,0,Low
2025-05-09,Banana,Produce,0,0,Low
2025-05-10,Banana,Produce,0,0,Low
2025-05-11,Banana,Produce,0,0,Low
2025-05-12,Banana,Produce,0,0,Low
2025-05-13,Banana,Produce,0,0,Low
2025-05-14,Banana,Produce,0,0,Low
2025-05-15,Banana,Produce,0,0,Low
2025-05-16,Banana,Produce,0,0,Low
2025-05-17,Banana,Produce,0,0,Low
2025-05-18,Banana,Produce,0,0,Low
2025-05-19,Banana,Produce,0,0,Low
2025-05-20,Banana,Produce,0,0,Low
2025-05-21,Banana,Produce,0,0,Low
2025-05-22,Banana,Produce,0,0,Low
2025-05-23,Banana,Produce,0,0,Low
2025-05-24,Banana,Produce,0,0,Low
2025-05-25,Banana,Produce,0,0,Low
2025-05-26,Banana,Produce,0,0,Low
2025-05-27,Banana,Produce,0,0,Low
2025-05-28,Banana,Produce,0,0,Low
2025-05-29,Banana,Produce,0,0,Low
2025-05-30,Banana,Produce,0,0,Low
2025-05-31,Banana,Produce,0,0,Low
2025-06-01,Banana,Produce,0,0,Low
2025-06-02,Banana,Produce,0,0,Low
2025-06-03,Banana,Produce,0,0,Low
2025-06-04,Banana,Produce,0,0,Low
2025-06-05,Banana,Produce,0,0,Low
2025-06-06,Banana,Produce,0,0,Low
2025-06-07,Banana,Produce,0,0,Low
2025-06-08,Banana,Produce,0,0,Low
2025-06-09,Banana,Produce,0,0,Low
2025-06-10,Banana,Produce,0,0,Low
2025-06-11,Banana,Produce,0,0,Low
2025-06-12,Banana,Produce,0,0,Low
2025-06-13,Banana,Produce,0,0,Low
2025-06-14,Banana,Produce,0,0,Low
2025-06-15,Banana,Produce,0,0,Low
2025-06-16,Banana,Produce,0,0,Low
2025-06-17,Banana,Produce,0,0,Low
2025-06-18,Banana,Produce,0,0,Low
2025-06-19,Banana,Produce,0,0,Low
2025-06-20,Banana,Produce,0,0,Low
2025-06-21,Banana,Produce,0,0,Low
2025-06-22,Banana,Produce,0,0,Low
2025-06-23,Banana,Produce,0,0,Low
2025-06-24,Banana,Produce,0,0,Low
2025-06-25,Banana,Produce,0,0,Low
2025-06-26,Banana,Produce,0,0,Low
2025-06-27,Banana,Produce,0,0,Low
2025-06-28,Banana,Produce,0,0,Low
2025-06-29,Banana,Produce,0,0,Low
2025-06-30,Banana,Produce,0,0,Low
2025-07-01,Banana,Produce,0,0,Low
2025-07-02,Banana,Produce,0,0,Low
2025-07-03,Banana,Produce,0,0,Low
2025-07-04,Banana,Produce,0,0,Low
2025-07-05,Banana,Produce,0,0,Low
2025-07-06,Banana,Produce,0,0,Low
2025-07-07,Banana,Produce,0,0,Low
2025-07-08,Banana,Produce,0,0,Low
2025-07-09,Banana,Produce,0,0,Low
2025-07-10,Banana,Produce,0,0,Low
2025-07-11,Banana,Produce,0,0,Low
2025-07-12,Banana,Produce,0,0,Low
2025-07-13,Banana,Produce,0,0,Low
2025-07-14,Banana,Produce,0,0,Low
2025-07-15,Banana,Produce,0,0,Low
2025-07-16,Banana,Produce,0,0,Low
2025-07-17,Banana,Produce,0,0,Low
2025-07-18,Banana,Produce,0,0,Low
2025-07-19,Banana,Produce,0,0,Low
2025-07-20,Banana,Produce,0,0,Low
2025-07-21,Banana,Produce,0,0,Low
2025-07-22,Banana,Produce,0,0,Low
2025-07-23,Banana,Produce,0,0,Low
2025-07-24,Banana,Produce,0,0,Low
2025-07-25,Banana,Produce,0,0,Low
2025-07-26,Banana,Produce,0,0,Low
2025-07-27,Banana,Produce,0,0,Low
2025-07-28,Banana,Produce,0,0,Low
2025-07-29,Banana,Produce,0,0,Low
2025-07-30,Banana,Produce,0,0,Low
2025-07-31,Banana,Produce,0,0,Low
2025-08-01,Banana,Produce,0,0,Low
2025-08-02,Banana,Produce,0,0,Low
2025-08-03,Banana,Produce,0,0,Low
2025-08-04,Banana,Produce,0,0,Low
2025-08-05,Banana,Produce,0,0,Low
2025-08-06,Banana,Produce,0,0,Low
2025-08-07,Banana,Produce,0,0,Low
2025-08-08,Banana,Produce,0,0,Low
2025-08-09,Banana,Produce,0,0,Low
2025-08-10,Banana,Produce,0,0,Low
2025-08-11,Banana,Produce,0,0,Low
2025-08-12,Banana,Produce,0,0,Low
2025-08-13,Banana,Produce,0,0,Low
2025-08-14,Banana,Produce,0,0,Low
2025-08-15,Banana,Produce,0,0,Low
2025-08-16,Banana,Produce,0,0,Low
2025-08-17,Banana,Produce,0,0,Low
2025-08-18,Banana,Produce,0,0,Low
2025-08-19,Banana,Produce,0,0,Low
2025-08-20,Banana,Produce,0,0,Low
2025-08-21,Banana,Produce,0,0,Low
2025-08-22,Banana,Produce,0,0,Low
2025-08-23,Banana,Produce,0,0,Low
2025-08-24,Banana,Produce,0,0,Low
2025-08-25,Banana,Produce,0,0,Low
2025-08-26,Banana,Produce,0,0,Low
2025-08-27,Banana,Produce,0,0,Low
2025-08-28,Banana,Produce,0,0,Low
2025-08-29,Banana,Produce,0,0,Low
2025-08-30,Banana,Produce,0,0,Low
2025-08-31,Banana,Produce,0,0,Low
2025-09-01,Banana,Produce,0,0,Low
2025-09-02,Banana,Produce,0,0,Low
2025-09-03,Banana,Produce,0,0,Low
2025-09-04,Banana,Produce,0,0,Low
2025-09-05,Banana,Produce,0,0,Low
2025-09-06,Banana,Produce,0,0,Low
2025-09-07,Banana,Produce,0,0,Low
2025-09-08,Banana,Produce,0,0,Low
2025-09-09,Banana,Produce,0,0,Low
2025-09-10,Banana,Produce,0,0,Low
2025-09-11,Banana,Produce,0,0,Low
2025-09-12,Banana,Produce,0,0,Low
2025-09-13,Banana,Produce,0,0,Low
2025-09-14,Banana,Produce,0,0,Low
2025-09-15,Banana,Produce,0,0,Low
2025-09-16,Banana,Produce,0,0,Low
2025-09-17,Banana,Produce,0,0,Low
2025-09-18,Banana,Produce,0,0,Low
2025-09-19,Banana,Produce,0,0,Low
2025-09-20,Banana,Produce,0,0,Low
2025-09-21,Banana,Produce,0,0,Low
2025-09-22,Banana,Produce,0,0,Low
2025-09-23,Banana,Produce,0,0,Low
2025-09-24,Banana,Produce,0,0,Low
2025-09-25,Banana,Produce,0,0,Low
2025-09-26,Banana,Produce,0,0,Low
2025-09-27,Banana,Produce,0,0,Low
2025-09-28,Banana,Produce,0,0,Low
2025-09-29,Banana,Produce,0,0,Low
2025-09-30,Banana,Produce,0,0,Low
2025-10-01,Banana,Produce,0,0,Low
2025-10-02,Banana,Produce,0,0,Low
2025-10-03,Banana,Produce,0,0,Low
2025-10-04,Banana,Produce,0,0,Low
2025-10-05,Banana,Produce,0,0,Low
2025-10-06,Banana,Produce,0,0,Low
2025-10-07,Banana,Produce,0,0,Low
2025-10-08,Banana,Produce,0,0,Low
2025-10-09,Banana,Produce,0,0,Low
2025-10-10,Banana,Produce,0,0,Low
2025-10-11,Banana,Produce,0,0,Low
2025-10-12,Banana,Produce,0,0,Low
2025-10-13,Banana,Produce,0,0,Low
2025-10-14,Banana,Produce,0,0,Low
2025-10-15,Banana,Produce,0,0,Low
2025-10-16,Banana,Produce,0,0,Low
2025-10-17,Banana,Produce,0,0,Low
2025-10-18,Banana,Produce,0,0,Low
2025-10-19,Banana,Produce,0,0,Low
2025-10-20,Banana,Produce,0,0,Low
2025-10-21,Banana,Produce,0,0,Low
2025-10-22,Banana,Produce,0,0,Low
2025-10-23,Banana,Produce,0,0,Low
2025-10-24,Banana,Produce,0,0,Low
2025-10-25,Banana,Produce,0,0,Low
2025-10-26,Banana,Produce,0,0,Low
2025-10-27,Banana,Produce,0,0,Low
2025-10-28,Banana,Produce,0,0,Low
2025-10-29,Banana,Produce,0,0,Low
2025-10-30,Banana,Produce,0,0,Low
2025-10-31,Banana,Produce,0,0,Low
2025-11-01,Banana,Produce,0,0,Low
2025-11-02,Banana,Produce,0,0,Low
2025-11-03,Banana,Produce,0,0,Low
2025-11-04,Banana,Produce,0,0,Low
2025-11-05,Banana,Produce,0,0,Low
2025-11-06,Banana,Produce,0,0,Low
2025-11-07,Banana,Produce,0,0,Low
2025-11-08,Banana,Produce,0,0,Low
2025-11-09,Banana,Produce,0,0,Low
2025-11-10,Banana,Produce,0,0,Low
2025-11-11,Banana,Produce,0,0,Low
2025-11-12,Banana,Produce,0,0,Low
2025-11-13,Banana,Produce,0,0,Low
2025-11-14,Banana,Produce,0,0,Low
2025-11-15,Banana,Produce,0,0,Low
2025-11-16,Banana,Produce,0,0,Low
2025-11-17,Banana,Produce,0,0,Low
2025-11-18,Banana,Produce,0,0,Low
2025-11-19,Banana,Produce,0,0,Low
2025-11-20,Banana,Produce,0,0,Low
2025-11-21,Banana,Produce,0,0,Low
2025-11-22,Banana,Produce,0,0,Low
2025-11-23,Banana,Produce,0,0,Low
2025-11-24,Banana,Produce,0,0,Low
2025-11-25,Banana,Produce,0,0,Low
2025-11-26,Banana,Produce,0,0,Low
2025-11-27,Banana,Produce,0,0,Low
2025-11-28,Banana,Produce,0,0,Low
2025-11-29,Banana,Produce,0,0,Low
2025-11-30,Banana,Produce,0,0,Low
2025-12-01,Banana,Produce,0,0,Low
2025-12-02,Banana,Produce,0,0,Low
2025-12-03,Banana,Produce,0,0,Low
2025-12-04,Banana,Produce,0,0,Low
2025-12-05,Banana,Produce,0,0,Low
2025-12-06,Banana,Produce,0,0,Low
2025-12-07,Banana,Produce,0,0,Low
2025-12-08,Banana,Produce,0,0,Low
2025-12-09,Banana,Produce,0,0,Low
2025-12-10,Banana,Produce,0,0,Low
2025-12-11,Banana,Produce,0,0,Low
2025-12-12,Banana,Produce,0,0,Low
2025-12-13,Banana,Produce,0,0,Low
2025-12-14,Banana,Produce,0,0,Low
2025-12-15,Banana,Produce,0,0,Low
2025-12-16,Banana,Produce,0,0,Low
2025-12-17,Banana,Produce,0,0,Low
2025-12-18,Banana,Produce,0,0,Low
2025-12-19,Banana,Produce,0,0,Low
2025-12-20,Banana,Produce,0,0,Low
2025-12-21,Banana,Produce,0,0,Low
2025-12-22,Banana,Produce,0,0,Low
2025-12-23,Banana,Produce,0,0,Low
2025-12-24,Banana,Produce,0,0,Low
2025-12-25,Banana,Produce,0,0,Low
2025-12-26,Banana,Produce,0,0,Low
2025-12-27,Banana,Produce,0,0,Low
2025-12-28,Banana,Produce,0,0,Low
2025-12-29,Banana,Produce,0,0,Low
2025-12-30,Banana,Produce,0,0,Low
2025-12-31,Banana,Produce,0,0,Low
2025-01-01,Apple,Produce,149,10,Low
2025-01-02,Apple,Produce,139,9,Low
2025-01-03,Apple,Produce,120,8,Low
2025-01-04,Apple,Produce,110,7,Low
2025-01-05,Apple,Produce,94,6,Low
2025-01-06,Apple,Produce,83,5,Medium
2025-01-07,Apple,Produce,76,4,Medium
2025-01-08,Apple,Produce,67,3,Medium
2025-01-09,Apple,Produce,65,2,High
2025-01-10,Apple,Produce,58,1,High
2025-01-11,Apple,Produce,50,0,High
2025-01-12,Apple,Produce,48,0,High
2025-01-13,Apple,Produce,45,0,High
2025-01-14,Apple,Produce,41,0,High
2025-01-15,Apple,Produce,36,0,High
2025-01-16,Apple,Produce,30,0,High
2025-01-17,Apple,Produce,23,0,High
2025-01-18,Apple,Produce,23,0,High
2025-01-19,Apple,Produce,19,0,High
2025-01-20,Apple,Produce,19,0,High
2025-01-21,Apple,Produce,17,0,High
2025-01-22,Apple,Produce,15,0,High
2025-01-23,Apple,Produce,14,0,High
2025-01-24,Apple,Produce,14,0,High
2025-01-25,Apple,Produce,14,0,High
2025-01-26,Apple,Produce,13,0,High
2025-01-27,Apple,Produce,12,0,High
2025-01-28,Apple,Produce,12,0,High
2025-01-29,Apple,Produce,12,0,High
2025-01-30,Apple,Produce,11,0,High
2025-01-31,Apple,Produce,8,0,High
2025-02-01,Apple,Produce,4,0,High
2025-02-02,Apple,Produce,1,0,High
2025-02-03,Apple,Produce,1,0,High
2025-02-04,Apple,Produce,1,0,High
2025-02-05,Apple,Produce,1,0,High
2025-02-06,Apple,Produce,0,0,Low
2025-02-07,Apple,Produce,0,0,Low
2025-02-08,Apple,Produce,0,0,Low
2025-02-09,Apple,Produce,0,0,Low
2025-02-10,Apple,Produce,0,0,Low
2025-02-11,Apple,Produce,0,0,Low
2025-02-12,Apple,Produce,0,0,Low
2025-02-13,Apple,Produce,0,0,Low
2025-02-14,Apple,Produce,0,0,Low
2025-02-15,Apple,Produce,0,0,Low
2025-02-16,Apple,Produce,0,0,Low
2025-02-17,Apple,Produce,0,0,Low
2025-02-18,Apple,Produce,0,0,Low
2025-02-19,Apple,Produce,0,0,Low
2025-02-20,Apple,Produce,0,0,Low
2025-02-21,Apple,Produce,0,0,Low
2025-02-22,Apple,Produce,0,0,Low
2025-02-23,Apple,Produce,0,0,Low
2025-02-24,Apple,Produce,0,0,Low
2025-02-25,Apple,Produce,0,0,Low
2025-02-26,Apple,Produce,0,0,Low
2025-02-27,Apple,Produce,0,0,Low
2025-02-28,Apple,Produce,0,0,Low
2025-03-01,Apple,Produce,0,0,Low
2025-03-02,Apple,Produce,0,0,Low
2025-03-03,Apple,Produce,0,0,Low
2025-03-04,Apple,Produce,0,0,Low
2025-03-05,Apple,Produce,0,0,Low
2025-03-06,Apple,Produce,0,0,Low
2025-03-07,Apple,Produce,0,0,Low
2025-03-08,Apple,Produce,0,0,Low
2025-03-09,Apple,Produce,0,0,Low
2025-03-10,Apple,Produce,0,0,Low
2025-03-11,Apple,Produce,0,0,Low
2025-03-12,Apple,Produce,0,0,Low
2025-03-13,Apple,Produce,0,0,Low
2025-03-14,Apple,Produce,0,0,Low
2025-03-15,Apple,Produce,0,0,Low
2025-03-16,Apple,Produce,0,0,Low
2025-03-17,Apple,Produce,0,0,Low
2025-03-18,Apple,Produce,0,0,Low
2025-03-19,Apple,Produce,0,0,Low
2025-03-20,Apple,Produce,0,0,Low
2025-03-21,Apple,Produce,0,0,Low
2025-03-22,Apple,Produce,0,0,Low
2025-03-23,Apple,Produce,0,0,Low
2025-03-24,Apple,Produce,0,0,Low
2025-03-25,Apple,Produce,0,0,Low
2025-03-26,Apple,Produce,0,0,Low
2025-03-27,Apple,Produce,0,0,Low
2025-03-28,Apple,Produce,0,0,Low
2025-03-29,Apple,Produce,0,0,Low
2025-03-30,Apple,Produce,0,0,Low
2025-03-31,Apple,Produce,0,0,Low
2025-04-01,Apple,Produce,0,0,Low
2025-04-02,Apple,Produce,0,0,Low
2025-04-03,Apple,Produce,0,0,Low
2025-04-04,Apple,Produce,0,0,Low
2025-04-05,Apple,Produce,0,0,Low
2025-04-06,Apple,Produce,0,0,Low
2025-04-07,Apple,Produce,0,0,Low
2025-04-08,Apple,Produce,0,0,Low
2025-04-09,Apple,Produce,0,0,Low
2025-04-10,Apple,Produce,0,0,Low
2025-04-11,Apple,Produce,0,0,Low
2025-04-12,Apple,Produce,0,0,Low
2025-04-13,Apple,Produce,0,0,Low
2025-04-14,Apple,Produce,0,0,Low
2025-04-15,Apple,Produce,0,0,Low
2025-04-16,Apple,Produce,0,0,Low
2025-04-17,Apple,Produce,0,0,Low
2025-04-18,Apple,Produce,0,0,Low
2025-04-19,Apple,Produce,0,0,Low
2025-04-20,Apple,Produce,0,0,Low
2025-04-21,Apple,Produce,0,0,Low
2025-04-22,Apple,Produce,0,0,Low
2025-04-23,Apple,Produce,0,0,Low
2025-04-24,Apple,Produce,0,0,Low
2025-04-25,Apple,Produce,0,0,Low
2025-04-26,Apple,Produce,0,0,Low
2025-04-27,Apple,Produce,0,0,Low
2025-04-28,Apple,Produce,0,0,Low
2025-04-29,Apple,Produce,0,0,Low
2025-04-30,Apple,Produce,0,0,Low
2025-05-01,Apple,Produce,0,0,Low
2025-05-02,Apple,Produce,0,0,Low
2025-05-03,Apple,Produce,0,0,Low
2025-05-04,Apple,Produce,0,0,Low
2025-05-05,Apple,Produce,0,0,Low
2025-05-06,Apple,Produce,0,0,Low
2025-05-07,Apple,Produce,0,0,Low
2025-05-08,Apple,Produce,0,0,Low
2025-05-09,Apple,Produce,0,0,Low
2025-05-10,Apple,Produce,0,0,Low
2025-05-11,Apple,Produce,0,0,Low
2025-05-12,Apple,Produce,0,0,Low
2025-05-13,Apple,Produce,0,0,Low
2025-05-14,Apple,Produce,0,0,Low
2025-05-15,Apple,Produce,0,0,Low
2025-05-16,Apple,Produce,0,0,Low
2025-05-17,Apple,Produce,0,0,Low
2025-05-18,Apple,Produce,0,0,Low
2025-05-19,Apple,Produce,0,0,Low
2025-05-20,Apple,Produce,0,0,Low
2025-05-21,Apple,Produce,0,0,Low
2025-05-22,Apple,Produce,0,0,Low
2025-05-23,Apple,Produce,0,0,Low
2025-05-24,Apple,Produce,0,0,Low
2025-05-25,Apple,Produce,0,0,Low
2025-05-26,Apple,Produce,0,0,Low
2025-05-27,Apple,Produce,0,0,Low
2025-05-28,Apple,Produce,0,0,Low
2025-05-29,Apple,Produce,0,0,Low
2025-05-30,Apple,Produce,0,0,Low
2025-05-31,Apple,Produce,0,0,Low
2025-06-01,Apple,Produce,0,0,Low
2025-06-02,Apple,Produce,0,0,Low
2025-06-03,Apple,Produce,0,0,Low
2025-06-04,Apple,Produce,0,0,Low
2025-06-05,Apple,Produce,0,0,Low
2025-06-06,Apple,Produce,0,0,Low
2025-06-07,Apple,Produce,0,0,Low
2025-06-08,Apple,Produce,0,0,Low
2025-06-09,Apple,Produce,0,0,Low
2025-06-10,Apple,Produce,0,0,Low
2025-06-11,Apple,Produce,0,0,Low
2025-06-12,Apple,Produce,0,0,Low
2025-06-13,Apple,Produce,0,0,Low
2025-06-14,Apple,Produce,0,0,Low
2025-06-15,Apple,Produce,0,0,Low
2025-06-16,Apple,Produce,0,0,Low
2025-06-17,Apple,Produce,0,0,Low
2025-06-18,Apple,Produce,0,0,Low
2025-06-19,Apple,Produce,0,0,Low
2025-06-20,Apple,Produce,0,0,Low
2025-06-21,Apple,Produce,0,0,Low
2025-06-22,Apple,Produce,0,0,Low
2025-06-23,Apple,Produce,0,0,Low
2025-06-24,Apple,Produce,0,0,Low
2025-06-25,Apple,Produce,0,0,Low
2025-06-26,Apple,Produce,0,0,Low
2025-06-27,Apple,Produce,0,0,Low
2025-06-28,Apple,Produce,0,0,Low
2025-06-29,Apple,Produce,0,0,Low
2025-06-30,Apple,Produce,0,0,Low
2025-07-01,Apple,Produce,0,0,Low
2025-07-02,Apple,Produce,0,0,Low
2025-07-03,Apple,Produce,0,0,Low
2025-07-04,Apple,Produce,0,0,Low
2025-07-05,Apple,Produce,0,0,Low
2025-07-06,Apple,Produce,0,0,Low
2025-07-07,Apple,Produce,0,0,Low
2025-07-08,Apple,Produce,0,0,Low
2025-07-09,Apple,Produce,0,0,Low
2025-07-10,Apple,Produce,0,0,Low
2025-07-11,Apple,Produce,0,0,Low
2025-07-12,Apple,Produce,0,0,Low
2025-07-13,Apple,Produce,0,0,Low
2025-07-14,Apple,Produce,0,0,Low
2025-07-15,Apple,Produce,0,0,Low
2025-07-16,Apple,Produce,0,0,Low
2025-07-17,Apple,Produce,0,0,Low
2025-07-18,Apple,Produce,0,0,Low
2025-07-19,Apple,Produce,0,0,Low
2025-07-20,Apple,Produce,0,0,Low
2025-07-21,Apple,Produce,0,0,Low
2025-07-22,Apple,Produce,0,0,Low
2025-07-23,Apple,Produce,0,0,Low
2025-07-24,Apple,Produce,0,0,Low
2025-07-25,Apple,Produce,0,0,Low
2025-07-26,Apple,Produce,0,0,Low
2025-07-27,Apple,Produce,0,0,Low
2025-07-28,Apple,Produce,0,0,Low
2025-07-29,Apple,Produce,0,0,Low
2025-07-30,Apple,Produce,0,0,Low
2025-07-31,Apple,Produce,0,0,Low
2025-08-01,Apple,Produce,0,0,Low
2025-08-02,Apple,Produce,0,0,Low
2025-08-03,Apple,Produce,0,0,Low
2025-08-04,Apple,Produce,0,0,Low
2025-08-05,Apple,Produce,0,0,Low
2025-08-06,Apple,Produce,0,0,Low
2025-08-07,Apple,Produce,0,0,Low
2025-08-08,Apple,Produce,0,0,Low
2025-08-09,Apple,Produce,0,0,Low
2025-08-10,Apple,Produce,0,0,Low
2025-08-11,Apple,Produce,0,0,Low
2025-08-12,Apple,Produce,0,0,Low
2025-08-13,Apple,Produce,0,0,Low
2025-08-14,Apple,Produce,0,0,Low
2025-08-15,Apple,Produce,0,0,Low
2025-08-16,Apple,Produce,0,0,Low
2025-08-17,Apple,Produce,0,0,Low
2025-08-18,Apple,Produce,0,0,Low
2025-08-19,Apple,Produce,0,0,Low
2025-08-20,Apple,Produce,0,0,Low
2025-08-21,Apple,Produce,0,0,Low
2025-08-22,Apple,Produce,0,0,Low
2025-08-23,Apple,Produce,0,0,Low
2025-08-24,Apple,Produce,0,0,Low
2025-08-25,Apple,Produce,0,0,Low
2025-08-26,Apple,Produce,0,0,Low
2025-08-27,Apple,Produce,0,0,Low
2025-08-28,Apple,Produce,0,0,Low
2025-08-29,Apple,Produce,0,0,Low
2025-08-30,Apple,Produce,0,0,Low
2025-08-31,Apple,Produce,0,0,Low
2025-09-01,Apple,Produce,0,0,Low
2025-09-02,Apple,Produce,0,0,Low
2025-09-03,Apple,Produce,0,0,Low
2025-09-04,Apple,Produce,0,0,Low
2025-09-05,Apple,Produce,0,0,Low
2025-09-06,Apple,Produce,0,0,Low
2025-09-07,Apple,Produce,0,0,Low
2025-09-08,Apple,Produce,0,0,Low
2025-09-09,Apple,Produce,0,0,Low
2025-09-10,Apple,Produce,0,0,Low
2025-09-11,Apple,Produce,0,0,Low
2025-09-12,Apple,Produce,0,0,Low
2025-09-13,Apple,Produce,0,0,Low
2025-09-14,Apple,Produce,0,0,Low
2025-09-15,Apple,Produce,0,0,Low
2025-09-16,Apple,Produce,0,0,Low
2025-09-17,Apple,Produce,0,0,Low
2025-09-18,Apple,Produce,0,0,Low
2025-09-19,Apple,Produce,0,0,Low
2025-09-20,Apple,Produce,0,0,Low
2025-09-21,Apple,Produce,0,0,Low
2025-09-22,Apple,Produce,0,0,Low
2025-09-23,Apple,Produce,0,0,Low
2025-09-24,Apple,Produce,0,0,Low
2025-09-25,Apple,Produce,0,0,Low
2025-09-26,Apple,Produce,0,0,Low
2025-09-27,Apple,Produce,0,0,Low
2025-09-28,Apple,Produce,0,0,Low
2025-09-29,Apple,Produce,0,0,Low
2025-09-30,Apple,Produce,0,0,Low
2025-10-01,Apple,Produce,0,0,Low
2025-10-02,Apple,Produce,0,0,Low
2025-10-03,Apple,Produce,0,0,Low
2025-10-04,Apple,Produce,0,0,Low
2025-10-05,Apple,Produce,0,0,Low
2025-10-06,Apple,Produce,0,0,Low
2025-10-07,Apple,Produce,0,0,Low
2025-10-08,Apple,Produce,0,0,Low
2025-10-09,Apple,Produce,0,0,Low
2025-10-10,Apple,Produce,0,0,Low
2025-10-11,Apple,Produce,0,0,Low
2025-10-12,Apple,Produce,0,0,Low
2025-10-13,Apple,Produce,0,0,Low
2025-10-14,Apple,Produce,0,0,Low
2025-10-15,Apple,Produce,0,0,Low
2025-10-16,Apple,Produce,0,0,Low
2025-10-17,Apple,Produce,0,0,Low
2025-10-18,Apple,Produce,0,0,Low
2025-10-19,Apple,Produce,0,0,Low
2025-10-20,Apple,Produce,0,0,Low
2025-10-21,Apple,Produce,0,0,Low
2025-10-22,Apple,Produce,0,0,Low
2025-10-23,Apple,Produce,0,0,Low
2025-10-24,Apple,Produce,0,0,Low
2025-10-25,Apple,Produce,0,0,Low
2025-10-26,Apple,Produce,0,0,Low
2025-10-27,Apple,Produce,0,0,Low
2025-10-28,Apple,Produce,0,0,Low
2025-10-29,Apple,Produce,0,0,Low
2025-10-30,Apple,Produce,0,0,Low
2025-10-31,Apple,Produce,0,0,Low
2025-11-01,Apple,Produce,0,0,Low
2025-11-02,Apple,Produce,0,0,Low
2025-11-03,Apple,Produce,0,0,Low
2025-11-04,Apple,Produce,0,0,Low
2025-11-05,Apple,Produce,0,0,Low
2025-11-06,Apple,Produce,0,0,Low
2025-11-07,Apple,Produce,0,0,Low
2025-11-08,Apple,Produce,0,0,Low
2025-11-09,Apple,Produce,0,0,Low
2025-11-10,Apple,Produce,0,0,Low
2025-11-11,Apple,Produce,0,0,Low
2025-11-12,Apple,Produce,0,0,Low
2025-11-13,Apple,Produce,0,0,Low
2025-11-14,Apple,Produce,0,0,Low
2025-11-15,Apple,Produce,0,0,Low
2025-11-16,Apple,Produce,0,0,Low
2025-11-17,Apple,Produce,0,0,Low
2025-11-18,Apple,Produce,0,0,Low
2025-11-19,Apple,Produce,0,0,Low
2025-11-20,Apple,Produce,0,0,Low
2025-11-21,Apple,Produce,0,0,Low
2025-11-22,Apple,Produce,0,0,Low
2025-11-23,Apple,Produce,0,0,Low
2025-11-24,Apple,Produce,0,0,Low
2025-11-25,Apple,Produce,0,0,Low
2025-11-26,Apple,Produce,0,0,Low
2025-11-27,Apple,Produce,0,0,Low
2025-11-28,Apple,Produce,0,0,Low
2025-11-29,Apple,Produce,0,0,Low
2025-11-30,Apple,Produce,0,0,Low
2025-12-01,Apple,Produce,0,0,Low
2025-12-02,Apple,Produce,0,0,Low
2025-12-03,Apple,Produce,0,0,Low
2025-12-04,Apple,Produce,0,0,Low
2025-12-05,Apple,Produce,0,0,Low
2025-12-06,Apple,Produce,0,0,Low
2025-12-07,Apple,Produce,0,0,Low
2025-12-08,Apple,Produce,0,0,Low
2025-12-09,Apple,Produce,0,0,Low
2025-12-10,Apple,Produce,0,0,Low
2025-12-11,Apple,Produce,0,0,Low
2025-12-12,Apple,Produce,0,0,Low
2025-12-13,Apple,Produce,0,0,Low
2025-12-14,Apple,Produce,0,0,Low
2025-12-15,Apple,Produce,0,0,Low
2025-12-16,Apple,Produce,0,0,Low
2025-12-17,Apple,Produce,0,0,Low
2025-12-18,Apple,Produce,0,0,Low
2025-12-19,Apple,Produce,0,0,Low
2025-12-20,Apple,Produce,0,0,Low
2025-12-21,Apple,Produce,0,0,Low
2025-12-22,Apple,Produce,0,0,Low
2025-12-23,Apple,Produce,0,0,Low
2025-12-24,Apple,Produce,0,0,Low
2025-12-25,Apple,Produce,0,0,Low
2025-12-26,Apple,Produce,0,0,Low
2025-12-27,Apple,Produce,0,0,Low
2025-12-28,Apple,Produce,0,0,Low
2025-12-29,Apple,Produce,0,0,Low
2025-12-30,Apple,Produce,0,0,Low
2025-12-31,Apple,Produce,0,0,Low
2025-01-01,Bread Loaf,Bakery,255,5,Medium
2025-01-02,Bread Loaf,Bakery,227,4,Medium
2025-01-03,Bread Loaf,Bakery,206,3,Medium
2025-01-04,Bread Loaf,Bakery,182,2,High
2025-01-05,Bread Loaf,Bakery,158,1,High
2025-01-06,Bread Loaf,Bakery,149,0,High
2025-01-07,Bread Loaf,Bakery,134,0,High
2025-01-08,Bread Loaf,Bakery,121,0,High
2025-01-09,Bread Loaf,Bakery,107,0,High
2025-01-10,Bread Loaf,Bakery,94,0,High
2025-01-11,Bread Loaf,Bakery,86,0,High
2025-01-12,Bread Loaf,Bakery,75,0,High
2025-01-13,Bread Loaf,Bakery,67,0,High
2025-01-14,Bread Loaf,Bakery,59,0,High
2025-01-15,Bread Loaf,Bakery,55,0,High
2025-01-16,Bread Loaf,Bakery,50,0,High
2025-01-17,Bread Loaf,Bakery,46,0,High
2025-01-18,Bread Loaf,Bakery,44,0,High
2025-01-19,Bread Loaf,Bakery,39,0,High
2025-01-20,Bread Loaf,Bakery,37,0,High
2025-01-21,Bread Loaf,Bakery,34,0,High
2025-01-22,Bread Loaf,Bakery,30,0,High
2025-01-23,Bread Loaf,Bakery,29,0,High
2025-01-24,Bread Loaf,Bakery,27,0,High
2025-01-25,Bread Loaf,Bakery,27,0,High
2025-01-26,Bread Loaf,Bakery,17,0,High
2025-01-27,Bread Loaf,Bakery,15,0,High
2025-01-28,Bread Loaf,Bakery,12,0,High
2025-01-29,Bread Loaf,Bakery,9,0,High
2025-01-30,Bread Loaf,Bakery,8,0,High
2025-01-31,Bread Loaf,Bakery,6,0,High
2025-02-01,Bread Loaf,Bakery,6,0,High
2025-02-02,Bread Loaf,Bakery,6,0,High
2025-02-03,Bread Loaf,Bakery,6,0,High
2025-02-04,Bread Loaf,Bakery,4,0,High
2025-02-05,Bread Loaf,Bakery,1,0,High
2025-02-06,Bread Loaf,Bakery,0,0,Low
2025-02-07,Bread Loaf,Bakery,0,0,Low
2025-02-08,Bread Loaf,Bakery,0,0,Low
2025-02-09,Bread Loaf,Bakery,0,0,Low
2025-02-10,Bread Loaf,Bakery,0,0,Low
2025-02-11,Bread Loaf,Bakery,0,0,Low
2025-02-12,Bread Loaf,Bakery,0,0,Low
2025-02-13,Bread Loaf,Bakery,0,0,Low
2025-02-14,Bread Loaf,Bakery,0,0,Low
2025-02-15,Bread Loaf,Bakery,0,0,Low
2025-02-16,Bread Loaf,Bakery,0,0,Low
2025-02-17,Bread Loaf,Bakery,0,0,Low
2025-02-18,Bread Loaf,Bakery,0,0,Low
2025-02-19,Bread Loaf,Bakery,0,0,Low
2025-02-20,Bread Loaf,Bakery,0,0,Low
2025-02-21,Bread Loaf,Bakery,0,0,Low
2025-02-22,Bread Loaf,Bakery,0,0,Low
2025-02-23,Bread Loaf,Bakery,0,0,Low
2025-02-24,Bread Loaf,Bakery,0,0,Low
2025-02-25,Bread Loaf,Bakery,0,0,Low
2025-02-26,Bread Loaf,Bakery,0,0,Low
2025-02-27,Bread Loaf,Bakery,0,0,Low
2025-02-28,Bread Loaf,Bakery,0,0,Low
2025-03-01,Bread Loaf,Bakery,0,0,Low
2025-03-02,Bread Loaf,Bakery,0,0,Low
2025-03-03,Bread Loaf,Bakery,0,0,Low
2025-03-04,Bread Loaf,Bakery,0,0,Low
2025-03-05,Bread Loaf,Bakery,0,0,Low
2025-03-06,Bread Loaf,Bakery,0,0,Low
2025-03-07,Bread Loaf,Bakery,0,0,Low
2025-03-08,Bread Loaf,Bakery,0,0,Low
2025-03-09,Bread Loaf,Bakery,0,0,Low
2025-03-10,Bread Loaf,Bakery,0,0,Low
2025-03-11,Bread Loaf,Bakery,0,0,Low
2025-03-12,Bread Loaf,Bakery,0,0,Low
2025-03-13,Bread Loaf,Bakery,0,0,Low
2025-03-14,Bread Loaf,Bakery,0,0,Low
2025-03-15,Bread Loaf,Bakery,0,0,Low
2025-03-16,Bread Loaf,Bakery,0,0,Low
2025-03-17,Bread Loaf,Bakery,0,0,Low
2025-03-18,Bread Loaf,Bakery,0,0,Low
2025-03-19,Bread Loaf,Bakery,0,0,Low
2025-03-20,Bread Loaf,Bakery,0,0,Low
2025-03-21,Bread Loaf,Bakery,0,0,Low
2025-03-22,Bread Loaf,Bakery,0,0,Low
2025-03-23,Bread Loaf,Bakery,0,0,Low
2025-03-24,Bread Loaf,Bakery,0,0,Low
2025-03-25,Bread Loaf,Bakery,0,0,Low
2025-03-26,Bread Loaf,Bakery,0,0,Low
2025-03-27,Bread Loaf,Bakery,0,0,Low
2025-03-28,Bread Loaf,Bakery,0,0,Low
2025-03-29,Bread Loaf,Bakery,0,0,Low
2025-03-30,Bread Loaf,Bakery,0,0,Low
2025-03-31,Bread Loaf,Bakery,0,0,Low
2025-04-01,Bread Loaf,Bakery,0,0,Low
2025-04-02,Bread Loaf,Bakery,0,0,Low
2025-04-03,Bread Loaf,Bakery,0,0,Low
2025-04-04,Bread Loaf,Bakery,0,0,Low
2025-04-05,Bread Loaf,Bakery,0,0,Low
2025-04-06,Bread Loaf,Bakery,0,0,Low
2025-04-07,Bread Loaf,Bakery,0,0,Low
2025-04-08,Bread Loaf,Bakery,0,0,Low
2025-04-09,Bread Loaf,Bakery,0,0,Low
2025-04-10,Bread Loaf,Bakery,0,0,Low
2025-04-11,Bread Loaf,Bakery,0,0,Low
2025-04-12,Bread Loaf,Bakery,0,0,Low
2025-04-13,Bread Loaf,Bakery,0,0,Low
2025-04-14,Bread Loaf,Bakery,0,0,Low
2025-04-15,Bread Loaf,Bakery,0,0,Low
2025-04-16,Bread Loaf,Bakery,0,0,Low
2025-04-17,Bread Loaf,Bakery,0,0,Low
2025-04-18,Bread Loaf,Bakery,0,0,Low
2025-04-19,Bread Loaf,Bakery,0,0,Low
2025-04-20,Bread Loaf,Bakery,0,0,Low
2025-04-21,Bread Loaf,Bakery,0,0,Low
2025-04-22,Bread Loaf,Bakery,0,0,Low
2025-04-23,Bread Loaf,Bakery,0,0,Low
2025-04-24,Bread Loaf,Bakery,0,0,Low
2025-04-25,Bread Loaf,Bakery,0,0,Low
2025-04-26,Bread Loaf,Bakery,0,0,Low
2025-04-27,Bread Loaf,Bakery,0,0,Low
2025-04-28,Bread Loaf,Bakery,0,0,Low
2025-04-29,Bread Loaf,Bakery,0,0,Low
2025-04-30,Bread Loaf,Bakery,0,0,Low
2025-05-01,Bread Loaf,Bakery,0,0,Low
2025-05-02,Bread Loaf,Bakery,0,0,Low
2025-05-03,Bread Loaf,Bakery,0,0,Low
2025-05-04,Bread Loaf,Bakery,0,0,Low
2025-05-05,Bread Loaf,Bakery,0,0,Low
2025-05-06,Bread Loaf,Bakery,0,0,Low
2025-05-07,Bread Loaf,Bakery,0,0,Low
2025-05-08,Bread Loaf,Bakery,0,0,Low
2025-05-09,Bread Loaf,Bakery,0,0,Low
2025-05-10,Bread Loaf,Bakery,0,0,Low
2025-05-11,Bread Loaf,Bakery,0,0,Low
2025-05-12,Bread Loaf,Bakery,0,0,Low
2025-05-13,Bread Loaf,Bakery,0,0,Low
2025-05-14,Bread Loaf,Bakery,0,0,Low
2025-05-15,Bread Loaf,Bakery,0,0,Low
2025-05-16,Bread Loaf,Bakery,0,0,Low
2025-05-17,Bread Loaf,Bakery,0,0,Low
2025-05-18,Bread Loaf,Bakery,0,0,Low
2025-05-19,Bread Loaf,Bakery,0,0,Low
2025-05-20,Bread Loaf,Bakery,0,0,Low
2025-05-21,Bread Loaf,Bakery,0,0,Low
2025-05-22,Bread Loaf,Bakery,0,0,Low
2025-05-23,Bread Loaf,Bakery,0,0,Low
2025-05-24,Bread Loaf,Bakery,0,0,Low
2025-05-25,Bread Loaf,Bakery,0,0,Low
2025-05-26,Bread Loaf,Bakery,0,0,Low
2025-05-27,Bread Loaf,Bakery,0,0,Low
2025-05-28,Bread Loaf,Bakery,0,0,Low
2025-05-29,Bread Loaf,Bakery,0,0,Low
2025-05-30,Bread Loaf,Bakery,0,0,Low
2025-05-31,Bread Loaf,Bakery,0,0,Low
2025-06-01,Bread Loaf,Bakery,0,0,Low
2025-06-02,Bread Loaf,Bakery,0,0,Low
2025-06-03,Bread Loaf,Bakery,0,0,Low
2025-06-04,Bread Loaf,Bakery,0,0,Low
2025-06-05,Bread Loaf,Bakery,0,0,Low
2025-06-06,Bread Loaf,Bakery,0,0,Low
2025-06-07,Bread Loaf,Bakery,0,0,Low
2025-06-08,Bread Loaf,Bakery,0,0,Low
2025-06-09,Bread Loaf,Bakery,0,0,Low
2025-06-10,Bread Loaf,Bakery,0,0,Low
2025-06-11,Bread Loaf,Bakery,0,0,Low
2025-06-12,Bread Loaf,Bakery,0,0,Low
2025-06-13,Bread Loaf,Bakery,0,0,Low
2025-06-14,Bread Loaf,Bakery,0,0,Low
2025-06-15,Bread Loaf,Bakery,0,0,Low
2025-06-16,Bread Loaf,Bakery,0,0,Low
2025-06-17,Bread Loaf,Bakery,0,0,Low
2025-06-18,Bread Loaf,Bakery,0,0,Low
2025-06-19,Bread Loaf,Bakery,0,0,Low
2025-06-20,Bread Loaf,Bakery,0,0,Low
2025-06-21,Bread Loaf,Bakery,0,0,Low
2025-06-22,Bread Loaf,Bakery,0,0,Low
2025-06-23,Bread Loaf,Bakery,0,0,Low
2025-06-24,Bread Loaf,Bakery,0,0,Low
2025-06-25,Bread Loaf,Bakery,0,0,Low
2025-06-26,Bread Loaf,Bakery,0,0,Low
2025-06-27,Bread Loaf,Bakery,0,0,Low
2025-06-28,Bread Loaf,Bakery,0,0,Low
2025-06-29,Bread Loaf,Bakery,0,0,Low
2025-06-30,Bread Loaf,Bakery,0,0,Low
2025-07-01,Bread Loaf,Bakery,0,0,Low
2025-07-02,Bread Loaf,Bakery,0,0,Low
2025-07-03,Bread Loaf,Bakery,0,0,Low
2025-07-04,Bread Loaf,Bakery,0,0,Low
2025-07-05,Bread Loaf,Bakery,0,0,Low
2025-07-06,Bread Loaf,Bakery,0,0,Low
2025-07-07,Bread Loaf,Bakery,0,0,Low
2025-07-08,Bread Loaf,Bakery,0,0,Low
2025-07-09,Bread Loaf,Bakery,0,0,Low
2025-07-10,Bread Loaf,Bakery,0,0,Low
2025-07-11,Bread Loaf,Bakery,0,0,Low
2025-07-12,Bread Loaf,Bakery,0,0,Low
2025-07-13,Bread Loaf,Bakery,0,0,Low
2025-07-14,Bread Loaf,Bakery,0,0,Low
2025-07-15,Bread Loaf,Bakery,0,0,Low
2025-07-16,Bread Loaf,Bakery,0,0,Low
2025-07-17,Bread Loaf,Bakery,0,0,Low
2025-07-18,Bread Loaf,Bakery,0,0,Low
2025-07-19,Bread Loaf,Bakery,0,0,Low
2025-07-20,Bread Loaf,Bakery,0,0,Low
2025-07-21,Bread Loaf,Bakery,0,0,Low
2025-07-22,Bread Loaf,Bakery,0,0,Low
2025-07-23,Bread Loaf,Bakery,0,0,Low
2025-07-24,Bread Loaf,Bakery,0,0,Low
2025-07-25,Bread Loaf,Bakery,0,0,Low
2025-07-26,Bread Loaf,Bakery,0,0,Low
2025-07-27,Bread Loaf,Bakery,0,0,Low
2025-07-28,Bread Loaf,Bakery,0,0,Low
2025-07-29,Bread Loaf,Bakery,0,0,Low
2025-07-30,Bread Loaf,Bakery,0,0,Low
2025-07-31,Bread Loaf,Bakery,0,0,Low
2025-08-01,Bread Loaf,Bakery,0,0,Low
2025-08-02,Bread Loaf,Bakery,0,0,Low
2025-08-03,Bread Loaf,Bakery,0,0,Low
2025-08-04,Bread Loaf,Bakery,0,0,Low
2025-08-05,Bread Loaf,Bakery,0,0,Low
2025-08-06,Bread Loaf,Bakery,0,0,Low
2025-08-07,Bread Loaf,Bakery,0,0,Low
2025-08-08,Bread Loaf,Bakery,0,0,Low
2025-08-09,Bread Loaf,Bakery,0,0,Low
2025-08-10,Bread Loaf,Bakery,0,0,Low
2025-08-11,Bread Loaf,Bakery,0,0,Low
2025-08-12,Bread Loaf,Bakery,0,0,Low
2025-08-13,Bread Loaf,Bakery,0,0,Low
2025-08-14,Bread Loaf,Bakery,0,0,Low
2025-08-15,Bread Loaf,Bakery,0,0,Low
2025-08-16,Bread Loaf,Bakery,0,0,Low
2025-08-17,Bread Loaf,Bakery,0,0,Low
2025-08-18,Bread Loaf,Bakery,0,0,Low
2025-08-19,Bread Loaf,Bakery,0,0,Low
2025-08-20,Bread Loaf,Bakery,0,0,Low
2025-08-21,Bread Loaf,Bakery,0,0,Low
2025-08-22,Bread Loaf,Bakery,0,0,Low
2025-08-23,Bread Loaf,Bakery,0,0,Low
2025-08-24,Bread Loaf,Bakery,0,0,Low
2025-08-25,Bread Loaf,Bakery,0,0,Low
2025-08-26,Bread Loaf,Bakery,0,0,Low
2025-08-27,Bread Loaf,Bakery,0,0,Low
2025-08-28,Bread Loaf,Bakery,0,0,Low
2025-08-29,Bread Loaf,Bakery,0,0,Low
2025-08-30,Bread Loaf,Bakery,0,0,Low
2025-08-31,Bread Loaf,Bakery,0,0,Low
2025-09-01,Bread Loaf,Bakery,0,0,Low
2025-09-02,Bread Loaf,Bakery,0,0,Low
2025-09-03,Bread Loaf,Bakery,0,0,Low
2025-09-04,Bread Loaf,Bakery,0,0,Low
2025-09-05,Bread Loaf,Bakery,0,0,Low
2025-09-06,Bread Loaf,Bakery,0,0,Low
2025-09-07,Bread Loaf,Bakery,0,0,Low
2025-09-08,Bread Loaf,Bakery,0,0,Low
2025-09-09,Bread Loaf,Bakery,0,0,Low
2025-09-10,Bread Loaf,Bakery,0,0,Low
2025-09-11,Bread Loaf,Bakery,0,0,Low
2025-09-12,Bread Loaf,Bakery,0,0,Low
2025-09-13,Bread Loaf,Bakery,0,0,Low
2025-09-14,Bread Loaf,Bakery,0,0,Low
2025-09-15,Bread Loaf,Bakery,0,0,Low
2025-09-16,Bread Loaf,Bakery,0,0,Low
2025-09-17,Bread Loaf,Bakery,0,0,Low
2025-09-18,Bread Loaf,Bakery,0,0,Low
2025-09-19,Bread Loaf,Bakery,0,0,Low
2025-09-20,Bread Loaf,Bakery,0,0,Low
2025-09-21,Bread Loaf,Bakery,0,0,Low
2025-09-22,Bread Loaf,Bakery,0,0,Low
2025-09-23,Bread Loaf,Bakery,0,0,Low
2025-09-24,Bread Loaf,Bakery,0,0,Low
2025-09-25,Bread Loaf,Bakery,0,0,Low
2025-09-26,Bread Loaf,Bakery,0,0,Low
2025-09-27,Bread Loaf,Bakery,0,0,Low
2025-09-28,Bread Loaf,Bakery,0,0,Low
2025-09-29,Bread Loaf,Bakery,0,0,Low
2025-09-30,Bread Loaf,Bakery,0,0,Low
2025-10-01,Bread Loaf,Bakery,0,0,Low
2025-10-02,Bread Loaf,Bakery,0,0,Low
2025-10-03,Bread Loaf,Bakery,0,0,Low
2025-10-04,Bread Loaf,Bakery,0,0,Low
2025-10-05,Bread Loaf,Bakery,0,0,Low
2025-10-06,Bread Loaf,Bakery,0,0,Low
2025-10-07,Bread Loaf,Bakery,0,0,Low
2025-10-08,Bread Loaf,Bakery,0,0,Low
2025-10-09,Bread Loaf,Bakery,0,0,Low
2025-10-10,Bread Loaf,Bakery,0,0,Low
2025-10-11,Bread Loaf,Bakery,0,0,Low
2025-10-12,Bread Loaf,Bakery,0,0,Low
2025-10-13,Bread Loaf,Bakery,0,0,Low
2025-10-14,Bread Loaf,Bakery,0,0,Low
2025-10-15,Bread Loaf,Bakery,0,0,Low
2025-10-16,Bread Loaf,Bakery,0,0,Low
2025-10-17,Bread Loaf,Bakery,0,0,Low
2025-10-18,Bread Loaf,Bakery,0,0,Low
2025-10-19,Bread Loaf,Bakery,0,0,Low
2025-10-20,Bread Loaf,Bakery,0,0,Low
2025-10-21,Bread Loaf,Bakery,0,0,Low
2025-10-22,Bread Loaf,Bakery,0,0,Low
2025-10-23,Bread Loaf,Bakery,0,0,Low
2025-10-24,Bread Loaf,Bakery,0,0,Low
2025-10-25,Bread Loaf,Bakery,0,0,Low
2025-10-26,Bread Loaf,Bakery,0,0,Low
2025-10-27,Bread Loaf,Bakery,0,0,Low
2025-10-28,Bread Loaf,Bakery,0,0,Low
2025-10-29,Bread Loaf,Bakery,0,0,Low
2025-10-30,Bread Loaf,Bakery,0,0,Low
2025-10-31,Bread Loaf,Bakery,0,0,Low
2025-11-01,Bread Loaf,Bakery,0,0,Low
2025-11-02,Bread Loaf,Bakery,0,0,Low
2025-11-03,Bread Loaf,Bakery,0,0,Low
2025-11-04,Bread Loaf,Bakery,0,0,Low
2025-11-05,Bread Loaf,Bakery,0,0,Low
2025-11-06,Bread Loaf,Bakery,0,0,Low
2025-11-07,Bread Loaf,Bakery,0,0,Low
2025-11-08,Bread Loaf,Bakery,0,0,Low
2025-11-09,Bread Loaf,Bakery,0,0,Low
2025-11-10,Bread Loaf,Bakery,0,0,Low
2025-11-11,Bread Loaf,Bakery,0,0,Low
2025-11-12,Bread Loaf,Bakery,0,0,Low
2025-11-13,Bread Loaf,Bakery,0,0,Low
2025-11-14,Bread Loaf,Bakery,0,0,Low
2025-11-15,Bread Loaf,Bakery,0,0,Low
2025-11-16,Bread Loaf,Bakery,0,0,Low
2025-11-17,Bread Loaf,Bakery,0,0,Low
2025-11-18,Bread Loaf,Bakery,0,0,Low
2025-11-19,Bread Loaf,Bakery,0,0,Low
2025-11-20,Bread Loaf,Bakery,0,0,Low
2025-11-21,Bread Loaf,Bakery,0,0,Low
2025-11-22,Bread Loaf,Bakery,0,0,Low
2025-11-23,Bread Loaf,Bakery,0,0,Low
2025-11-24,Bread Loaf,Bakery,0,0,Low
2025-11-25,Bread Loaf,Bakery,0,0,Low
2025-11-26,Bread Loaf,Bakery,0,0,Low
2025-11-27,Bread Loaf,Bakery,0,0,Low
2025-11-28,Bread Loaf,Bakery,0,0,Low
2025-11-29,Bread Loaf,Bakery,0,0,Low
2025-11-30,Bread Loaf,Bakery,0,0,Low
2025-12-01,Bread Loaf,Bakery,0,0,Low
2025-12-02,Bread Loaf,Bakery,0,0,Low
2025-12-03,Bread Loaf,Bakery,0,0,Low
2025-12-04,Bread Loaf,Bakery,0,0,Low
2025-12-05,Bread Loaf,Bakery,0,0,Low
2025-12-06,Bread Loaf,Bakery,0,0,Low
2025-12-07,Bread Loaf,Bakery,0,0,Low
2025-12-08,Bread Loaf,Bakery,0,0,Low
2025-12-09,Bread Loaf,Bakery,0,0,Low
2025-12-10,Bread Loaf,Bakery,0,0,Low
2025-12-11,Bread Loaf,Bakery,0,0,Low
2025-12-12,Bread Loaf,Bakery,0,0,Low
2025-12-13,Bread Loaf,Bakery,0,0,Low
2025-12-14,Bread Loaf,Bakery,0,0,Low
2025-12-15,Bread Loaf,Bakery,0,0,Low
2025-12-16,Bread Loaf,Bakery,0,0,Low
2025-12-17,Bread Loaf,Bakery,0,0,Low
2025-12-18,Bread Loaf,Bakery,0,0,Low
2025-12-19,Bread Loaf,Bakery,0,0,Low
2025-12-20,Bread Loaf,Bakery,0,0,Low
2025-12-21,Bread Loaf,Bakery,0,0,Low
2025-12-22,Bread Loaf,Bakery,0,0,Low
2025-12-23,Bread Loaf,Bakery,0,0,Low
2025-12-24,Bread Loaf,Bakery,0,0,Low
2025-12-25,Bread Loaf,Bakery,0,0,Low
2025-12-26,Bread Loaf,Bakery,0,0,Low
2025-12-27,Bread Loaf,Bakery,0,0,Low
2025-12-28,Bread Loaf,Bakery,0,0,Low
2025-12-29,Bread Loaf,Bakery,0,0,Low
2025-12-30,Bread Loaf,Bakery,0,0,Low
2025-12-31,Bread Loaf,Bakery,0,0,Low
2025-01-01,Bagel,Bakery,112,4,Medium
2025-01-02,Bagel,Bakery,101,3,Medium
2025-01-03,Bagel,Bakery,91,2,High
2025-01-04,Bagel,Bakery,78,1,High
2025-01-05,Bagel,Bakery,73,0,High
2025-01-06,Bagel,Bakery,68,0,High
2025-01-07,Bagel,Bakery,59,0,High
2025-01-08,Bagel,Bakery,53,0,High
2025-01-09,Bagel,Bakery,48,0,High
2025-01-10,Bagel,Bakery,40,0,High
2025-01-11,Bagel,Bakery,37,0,High
2025-01-12,Bagel,Bakery,33,0,High
2025-01-13,Bagel,Bakery,29,0,High
2025-01-14,Bagel,Bakery,24,0,High
2025-01-15,Bagel,Bakery,21,0,High
2025-01-16,Bagel,Bakery,20,0,High
2025-01-17,Bagel,Bakery,20,0,High
2025-01-18,Bagel,Bakery,19,0,High
2025-01-19,Bagel,Bakery,16,0,High
2025-01-20,Bagel,Bakery,15,0,High
2025-01-21,Bagel,Bakery,15,0,High
2025-01-22,Bagel,Bakery,14,0,High
2025-01-23,Bagel,Bakery,14,0,High
2025-01-24,Bagel,Bakery,10,0,High
2025-01-25,Bagel,Bakery,10,0,High
2025-01-26,Bagel,Bakery,8,0,High
2025-01-27,Bagel,Bakery,8,0,High
2025-01-28,Bagel,Bakery,5,0,High
2025-01-29,Bagel,Bakery,5,0,High
2025-01-30,Bagel,Bakery,5,0,High
2025-01-31,Bagel,Bakery,5,0,High
2025-02-01,Bagel,Bakery,2,0,High
2025-02-02,Bagel,Bakery,2,0,High
2025-02-03,Bagel,Bakery,2,0,High
2025-02-04,Bagel,Bakery,0,0,Low
2025-02-05,Bagel,Bakery,0,0,Low
2025-02-06,Bagel,Bakery,0,0,Low
2025-02-07,Bagel,Bakery,0,0,Low
2025-02-08,Bagel,Bakery,0,0,Low
2025-02-09,Bagel,Bakery,0,0,Low
2025-02-10,Bagel,Bakery,0,0,Low
2025-02-11,Bagel,Bakery,0,0,Low
2025-02-12,Bagel,Bakery,0,0,Low
2025-02-13,Bagel,Bakery,0,0,Low
2025-02-14,Bagel,Bakery,0,0,Low
2025-02-15,Bagel,Bakery,0,0,Low
2025-02-16,Bagel,Bakery,0,0,Low
2025-02-17,Bagel,Bakery,0,0,Low
2025-02-18,Bagel,Bakery,0,0,Low
2025-02-19,Bagel,Bakery,0,0,Low
2025-02-20,Bagel,Bakery,0,0,Low
2025-02-21,Bagel,Bakery,0,0,Low
2025-02-22,Bagel,Bakery,0,0,Low
2025-02-23,Bagel,Bakery,0,0,Low
2025-02-24,Bagel,Bakery,0,0,Low
2025-02-25,Bagel,Bakery,0,0,Low
2025-02-26,Bagel,Bakery,0,0,Low
2025-02-27,Bagel,Bakery,0,0,Low
2025-02-28,Bagel,Bakery,0,0,Low
2025-03-01,Bagel,Bakery,0,0,Low
2025-03-02,Bagel,Bakery,0,0,Low
2025-03-03,Bagel,Bakery,0,0,Low
2025-03-04,Bagel,Bakery,0,0,Low
2025-03-05,Bagel,Bakery,0,0,Low
2025-03-06,Bagel,Bakery,0,0,Low
2025-03-07,Bagel,Bakery,0,0,Low
2025-03-08,Bagel,Bakery,0,0,Low
2025-03-09,Bagel,Bakery,0,0,Low
2025-03-10,Bagel,Bakery,0,0,Low
2025-03-11,Bagel,Bakery,0,0,Low
2025-03-12,Bagel,Bakery,0,0,Low
2025-03-13,Bagel,Bakery,0,0,Low
2025-03-14,Bagel,Bakery,0,0,Low
2025-03-15,Bagel,Bakery,0,0,Low
2025-03-16,Bagel,Bakery,0,0,Low
2025-03-17,Bagel,Bakery,0,0,Low
2025-03-18,Bagel,Bakery,0,0,Low
2025-03-19,Bagel,Bakery,0,0,Low
2025-03-20,Bagel,Bakery,0,0,Low
2025-03-21,Bagel,Bakery,0,0,Low
2025-03-22,Bagel,Bakery,0,0,Low
2025-03-23,Bagel,Bakery,0,0,Low
2025-03-24,Bagel,Bakery,0,0,Low
2025-03-25,Bagel,Bakery,0,0,Low
2025-03-26,Bagel,Bakery,0,0,Low
2025-03-27,Bagel,Bakery,0,0,Low
2025-03-28,Bagel,Bakery,0,0,Low
2025-03-29,Bagel,Bakery,0,0,Low
2025-03-30,Bagel,Bakery,0,0,Low
2025-03-31,Bagel,Bakery,0,0,Low
2025-04-01,Bagel,Bakery,0,0,Low
2025-04-02,Bagel,Bakery,0,0,Low
2025-04-03,Bagel,Bakery,0,0,Low
2025-04-04,Bagel,Bakery,0,0,Low
2025-04-05,Bagel,Bakery,0,0,Low
2025-04-06,Bagel,Bakery,0,0,Low
2025-04-07,Bagel,Bakery,0,0,Low
2025-04-08,Bagel,Bakery,0,0,Low
2025-04-09,Bagel,Bakery,0,0,Low
2025-04-10,Bagel,Bakery,0,0,Low
2025-04-11,Bagel,Bakery,0,0,Low
2025-04-12,Bagel,Bakery,0,0,Low
2025-04-13,Bagel,Bakery,0,0,Low
2025-04-14,Bagel,Bakery,0,0,Low
2025-04-15,Bagel,Bakery,0,0,Low
2025-04-16,Bagel,Bakery,0,0,Low
2025-04-17,Bagel,Bakery,0,0,Low
2025-04-18,Bagel,Bakery,0,0,Low
2025-04-19,Bagel,Bakery,0,0,Low
2025-04-20,Bagel,Bakery,0,0,Low
2025-04-21,Bagel,Bakery,0,0,Low
2025-04-22,Bagel,Bakery,0,0,Low
2025-04-23,Bagel,Bakery,0,0,Low
2025-04-24,Bagel,Bakery,0,0,Low
2025-04-25,Bagel,Bakery,0,0,Low
2025-04-26,Bagel,Bakery,0,0,Low
2025-04-27,Bagel,Bakery,0,0,Low
2025-04-28,Bagel,Bakery,0,0,Low
2025-04-29,Bagel,Bakery,0,0,Low
2025-04-30,Bagel,Bakery,0,0,Low
2025-05-01,Bagel,Bakery,0,0,Low
2025-05-02,Bagel,Bakery,0,0,Low
2025-05-03,Bagel,Bakery,0,0,Low
2025-05-04,Bagel,Bakery,0,0,Low
2025-05-05,Bagel,Bakery,0,0,Low
2025-05-06,Bagel,Bakery,0,0,Low
2025-05-07,Bagel,Bakery,0,0,Low
2025-05-08,Bagel,Bakery,0,0,Low
2025-05-09,Bagel,Bakery,0,0,Low
2025-05-10,Bagel,Bakery,0,0,Low
2025-05-11,Bagel,Bakery,0,0,Low
2025-05-12,Bagel,Bakery,0,0,Low
2025-05-13,Bagel,Bakery,0,0,Low
2025-05-14,Bagel,Bakery,0,0,Low
2025-05-15,Bagel,Bakery,0,0,Low
2025-05-16,Bagel,Bakery,0,0,Low
2025-05-17,Bagel,Bakery,0,0,Low
2025-05-18,Bagel,Bakery,0,0,Low
2025-05-19,Bagel,Bakery,0,0,Low
2025-05-20,Bagel,Bakery,0,0,Low
2025-05-21,Bagel,Bakery,0,0,Low
2025-05-22,Bagel,Bakery,0,0,Low
2025-05-23,Bagel,Bakery,0,0,Low
2025-05-24,Bagel,Bakery,0,0,Low
2025-05-25,Bagel,Bakery,0,0,Low
2025-05-26,Bagel,Bakery,0,0,Low
2025-05-27,Bagel,Bakery,0,0,Low
2025-05-28,Bagel,Bakery,0,0,Low
2025-05-29,Bagel,Bakery,0,0,Low
2025-05-30,Bagel,Bakery,0,0,Low
2025-05-31,Bagel,Bakery,0,0,Low
2025-06-01,Bagel,Bakery,0,0,Low
2025-06-02,Bagel,Bakery,0,0,Low
2025-06-03,Bagel,Bakery,0,0,Low
2025-06-04,Bagel,Bakery,0,0,Low
2025-06-05,Bagel,Bakery,0,0,Low
2025-06-06,Bagel,Bakery,0,0,Low
2025-06-07,Bagel,Bakery,0,0,Low
2025-06-08,Bagel,Bakery,0,0,Low
2025-06-09,Bagel,Bakery,0,0,Low
2025-06-10,Bagel,Bakery,0,0,Low
2025-06-11,Bagel,Bakery,0,0,Low
2025-06-12,Bagel,Bakery,0,0,Low
2025-06-13,Bagel,Bakery,0,0,Low
2025-06-14,Bagel,Bakery,0,0,Low
2025-06-15,Bagel,Bakery,0,0,Low
2025-06-16,Bagel,Bakery,0,0,Low
2025-06-17,Bagel,Bakery,0,0,Low
2025-06-18,Bagel,Bakery,0,0,Low
2025-06-19,Bagel,Bakery,0,0,Low
2025-06-20,Bagel,Bakery,0,0,Low
2025-06-21,Bagel,Bakery,0,0,Low
2025-06-22,Bagel,Bakery,0,0,Low
2025-06-23,Bagel,Bakery,0,0,Low
2025-06-24,Bagel,Bakery,0,0,Low
2025-06-25,Bagel,Bakery,0,0,Low
2025-06-26,Bagel,Bakery,0,0,Low
2025-06-27,Bagel,Bakery,0,0,Low
2025-06-28,Bagel,Bakery,0,0,Low
2025-06-29,Bagel,Bakery,0,0,Low
2025-06-30,Bagel,Bakery,0,0,Low
2025-07-01,Bagel,Bakery,0,0,Low
2025-07-02,Bagel,Bakery,0,0,Low
2025-07-03,Bagel,Bakery,0,0,Low
2025-07-04,Bagel,Bakery,0,0,Low
2025-07-05,Bagel,Bakery,0,0,Low
2025-07-06,Bagel,Bakery,0,0,Low
2025-07-07,Bagel,Bakery,0,0,Low
2025-07-08,Bagel,Bakery,0,0,Low
2025-07-09,Bagel,Bakery,0,0,Low
2025-07-10,Bagel,Bakery,0,0,Low
2025-07-11,Bagel,Bakery,0,0,Low
2025-07-12,Bagel,Bakery,0,0,Low
2025-07-13,Bagel,Bakery,0,0,Low
2025-07-14,Bagel,Bakery,0,0,Low
2025-07-15,Bagel,Bakery,0,0,Low
2025-07-16,Bagel,Bakery,0,0,Low
2025-07-17,Bagel,Bakery,0,0,Low
2025-07-18,Bagel,Bakery,0,0,Low
2025-07-19,Bagel,Bakery,0,0,Low
2025-07-20,Bagel,Bakery,0,0,Low
2025-07-21,Bagel,Bakery,0,0,Low
2025-07-22,Bagel,Bakery,0,0,Low
2025-07-23,Bagel,Bakery,0,0,Low
2025-07-24,Bagel,Bakery,0,0,Low
2025-07-25,Bagel,Bakery,0,0,Low
2025-07-26,Bagel,Bakery,0,0,Low
2025-07-27,Bagel,Bakery,0,0,Low
2025-07-28,Bagel,Bakery,0,0,Low
2025-07-29,Bagel,Bakery,0,0,Low
2025-07-30,Bagel,Bakery,0,0,Low
2025-07-31,Bagel,Bakery,0,0,Low
2025-08-01,Bagel,Bakery,0,0,Low
2025-08-02,Bagel,Bakery,0,0,Low
2025-08-03,Bagel,Bakery,0,0,Low
2025-08-04,Bagel,Bakery,0,0,Low
2025-08-05,Bagel,Bakery,0,0,Low
2025-08-06,Bagel,Bakery,0,0,Low
2025-08-07,Bagel,Bakery,0,0,Low
2025-08-08,Bagel,Bakery,0,0,Low
2025-08-09,Bagel,Bakery,0,0,Low
2025-08-10,Bagel,Bakery,0,0,Low
2025-08-11,Bagel,Bakery,0,0,Low
2025-08-12,Bagel,Bakery,0,0,Low
2025-08-13,Bagel,Bakery,0,0,Low
2025-08-14,Bagel,Bakery,0,0,Low
2025-08-15,Bagel,Bakery,0,0,Low
2025-08-16,Bagel,Bakery,0,0,Low
2025-08-17,Bagel,Bakery,0,0,Low
2025-08-18,Bagel,Bakery,0,0,Low
2025-08-19,Bagel,Bakery,0,0,Low
2025-08-20,Bagel,Bakery,0,0,Low
2025-08-21,Bagel,Bakery,0,0,Low
2025-08-22,Bagel,Bakery,0,0,Low
2025-08-23,Bagel,Bakery,0,0,Low
2025-08-24,Bagel,Bakery,0,0,Low
2025-08-25,Bagel,Bakery,0,0,Low
2025-08-26,Bagel,Bakery,0,0,Low
2025-08-27,Bagel,Bakery,0,0,Low
2025-08-28,Bagel,Bakery,0,0,Low
2025-08-29,Bagel,Bakery,0,0,Low
2025-08-30,Bagel,Bakery,0,0,Low
2025-08-31,Bagel,Bakery,0,0,Low
2025-09-01,Bagel,Bakery,0,0,Low
2025-09-02,Bagel,Bakery,0,0,Low
2025-09-03,Bagel,Bakery,0,0,Low
2025-09-04,Bagel,Bakery,0,0,Low
2025-09-05,Bagel,Bakery,0,0,Low
2025-09-06,Bagel,Bakery,0,0,Low
2025-09-07,Bagel,Bakery,0,0,Low
2025-09-08,Bagel,Bakery,0,0,Low
2025-09-09,Bagel,Bakery,0,0,Low
2025-09-10,Bagel,Bakery,0,0,Low
2025-09-11,Bagel,Bakery,0,0,Low
2025-09-12,Bagel,Bakery,0,0,Low
2025-09-13,Bagel,Bakery,0,0,Low
2025-09-14,Bagel,Bakery,0,0,Low
2025-09-15,Bagel,Bakery,0,0,Low
2025-09-16,Bagel,Bakery,0,0,Low
2025-09-17,Bagel,Bakery,0,0,Low
2025-09-18,Bagel,Bakery,0,0,Low
2025-09-19,Bagel,Bakery,0,0,Low
2025-09-20,Bagel,Bakery,0,0,Low
2025-09-21,Bagel,Bakery,0,0,Low
2025-09-22,Bagel,Bakery,0,0,Low
2025-09-23,Bagel,Bakery,0,0,Low
2025-09-24,Bagel,Bakery,0,0,Low
2025-09-25,Bagel,Bakery,0,0,Low
2025-09-26,Bagel,Bakery,0,0,Low
2025-09-27,Bagel,Bakery,0,0,Low
2025-09-28,Bagel,Bakery,0,0,Low
2025-09-29,Bagel,Bakery,0,0,Low
2025-09-30,Bagel,Bakery,0,0,Low
2025-10-01,Bagel,Bakery,0,0,Low
2025-10-02,Bagel,Bakery,0,0,Low
2025-10-03,Bagel,Bakery,0,0,Low
2025-10-04,Bagel,Bakery,0,0,Low
2025-10-05,Bagel,Bakery,0,0,Low
2025-10-06,Bagel,Bakery,0,0,Low
2025-10-07,Bagel,Bakery,0,0,Low
2025-10-08,Bagel,Bakery,0,0,Low
2025-10-09,Bagel,Bakery,0,0,Low
2025-10-10,Bagel,Bakery,0,0,Low
2025-10-11,Bagel,Bakery,0,0,Low
2025-10-12,Bagel,Bakery,0,0,Low
2025-10-13,Bagel,Bakery,0,0,Low
2025-10-14,Bagel,Bakery,0,0,Low
2025-10-15,Bagel,Bakery,0,0,Low
2025-10-16,Bagel,Bakery,0,0,Low
2025-10-17,Bagel,Bakery,0,0,Low
2025-10-18,Bagel,Bakery,0,0,Low
2025-10-19,Bagel,Bakery,0,0,Low
2025-10-20,Bagel,Bakery,0,0,Low
2025-10-21,Bagel,Bakery,0,0,Low
2025-10-22,Bagel,Bakery,0,0,Low
2025-10-23,Bagel,Bakery,0,0,Low
2025-10-24,Bagel,Bakery,0,0,Low
2025-10-25,Bagel,Bakery,0,0,Low
2025-10-26,Bagel,Bakery,0,0,Low
2025-10-27,Bagel,Bakery,0,0,Low
2025-10-28,Bagel,Bakery,0,0,Low
2025-10-29,Bagel,Bakery,0,0,Low
2025-10-30,Bagel,Bakery,0,0,Low
2025-10-31,Bagel,Bakery,0,0,Low
2025-11-01,Bagel,Bakery,0,0,Low
2025-11-02,Bagel,Bakery,0,0,Low
2025-11-03,Bagel,Bakery,0,0,Low
2025-11-04,Bagel,Bakery,0,0,Low
2025-11-05,Bagel,Bakery,0,0,Low
2025-11-06,Bagel,Bakery,0,0,Low
2025-11-07,Bagel,Bakery,0,0,Low
2025-11-08,Bagel,Bakery,0,0,Low
2025-11-09,Bagel,Bakery,0,0,Low
2025-11-10,Bagel,Bakery,0,0,Low
2025-11-11,Bagel,Bakery,0,0,Low
2025-11-12,Bagel,Bakery,0,0,Low
2025-11-13,Bagel,Bakery,0,0,Low
2025-11-14,Bagel,Bakery,0,0,Low
2025-11-15,Bagel,Bakery,0,0,Low
2025-11-16,Bagel,Bakery,0,0,Low
2025-11-17,Bagel,Bakery,0,0,Low
2025-11-18,Bagel,Bakery,0,0,Low
2025-11-19,Bagel,Bakery,0,0,Low
2025-11-20,Bagel,Bakery,0,0,Low
2025-11-21,Bagel,Bakery,0,0,Low
2025-11-22,Bagel,Bakery,0,0,Low
2025-11-23,Bagel,Bakery,0,0,Low
2025-11-24,Bagel,Bakery,0,0,Low
2025-11-25,Bagel,Bakery,0,0,Low
2025-11-26,Bagel,Bakery,0,0,Low
2025-11-27,Bagel,Bakery,0,0,Low
2025-11-28,Bagel,Bakery,0,0,Low
2025-11-29,Bagel,Bakery,0,0,Low
2025-11-30,Bagel,Bakery,0,0,Low
2025-12-01,Bagel,Bakery,0,0,Low
2025-12-02,Bagel,Bakery,0,0,Low
2025-12-03,Bagel,Bakery,0,0,Low
2025-12-04,Bagel,Bakery,0,0,Low
2025-12-05,Bagel,Bakery,0,0,Low
2025-12-06,Bagel,Bakery,0,0,Low
2025-12-07,Bagel,Bakery,0,0,Low
2025-12-08,Bagel,Bakery,0,0,Low
2025-12-09,Bagel,Bakery,0,0,Low
2025-12-10,Bagel,Bakery,0,0,Low
2025-12-11,Bagel,Bakery,0,0,Low
2025-12-12,Bagel,Bakery,0,0,Low
2025-12-13,Bagel,Bakery,0,0,Low
2025-12-14,Bagel,Bakery,0,0,Low
2025-12-15,Bagel,Bakery,0,0,Low
2025-12-16,Bagel,Bakery,0,0,Low
2025-12-17,Bagel,Bakery,0,0,Low
2025-12-18,Bagel,Bakery,0,0,Low
2025-12-19,Bagel,Bakery,0,0,Low
2025-12-20,Bagel,Bakery,0,0,Low
2025-12-21,Bagel,Bakery,0,0,Low
2025-12-22,Bagel,Bakery,0,0,Low
2025-12-23,Bagel,Bakery,0,0,Low
2025-12-24,Bagel,Bakery,0,0,Low
2025-12-25,Bagel,Bakery,0,0,Low
2025-12-26,Bagel,Bakery,0,0,Low
2025-12-27,Bagel,Bakery,0,0,Low
2025-12-28,Bagel,Bakery,0,0,Low
2025-12-29,Bagel,Bakery,0,0,Low
2025-12-30,Bagel,Bakery,0,0,Low
2025-12-31,Bagel,Bakery,0,0,Low
2025-01-01,Orange Juice,Beverage,183,15,Low
2025-01-02,Orange Juice,Beverage,164,14,Low
2025-01-03,Orange Juice,Beverage,156,13,Low
2025-01-04,Orange Juice,Beverage,138,12,Low
2025-01-05,Orange Juice,Beverage,129,11,Low
2025-01-06,Orange Juice,Beverage,113,10,Low
2025-01-07,Orange Juice,Beverage,101,9,Low
2025-01-08,Orange Juice,Beverage,95,8,Low
2025-01-09,Orange Juice,Beverage,79,7,Low
2025-01-10,Orange Juice,Beverage,73,6,Low
2025-01-11,Orange Juice,Beverage,65,5,Medium
2025-01-12,Orange Juice,Beverage,61,4,Medium
2025-01-13,Orange Juice,Beverage,56,3,Medium
2025-01-14,Orange Juice,Beverage,50,2,High
2025-01-15,Orange Juice,Beverage,44,1,High
2025-01-16,Orange Juice,Beverage,41,0,High
2025-01-17,Orange Juice,Beverage,36,0,High
2025-01-18,Orange Juice,Beverage,33,0,High
2025-01-19,Orange Juice,Beverage,28,0,High
2025-01-20,Orange Juice,Beverage,28,0,High
2025-01-21,Orange Juice,Beverage,22,0,High
2025-01-22,Orange Juice,Beverage,17,0,High
2025-01-23,Orange Juice,Beverage,17,0,High
2025-01-24,Orange Juice,Beverage,16,0,High
2025-01-25,Orange Juice,Beverage,14,0,High
2025-01-26,Orange Juice,Beverage,14,0,High
2025-01-27,Orange Juice,Beverage,14,0,High
2025-01-28,Orange Juice,Beverage,14,0,High
2025-01-29,Orange Juice,Beverage,13,0,High
2025-01-30,Orange Juice,Beverage,12,0,High
2025-01-31,Orange Juice,Beverage,11,0,High
2025-02-01,Orange Juice,Beverage,11,0,High
2025-02-02,Orange Juice,Beverage,11,0,High
2025-02-03,Orange Juice,Beverage,9,0,High
2025-02-04,Orange Juice,Beverage,6,0,High
2025-02-05,Orange Juice,Beverage,3,0,High
2025-02-06,Orange Juice,Beverage,2,0,High
2025-02-07,Orange Juice,Beverage,2,0,High
2025-02-08,Orange Juice,Beverage,0,0,Low
2025-02-09,Orange Juice,Beverage,0,0,Low
2025-02-10,Orange Juice,Beverage,0,0,Low
2025-02-11,Orange Juice,Beverage,0,0,Low
2025-02-12,Orange Juice,Beverage,0,0,Low
2025-02-13,Orange Juice,Beverage,0,0,Low
2025-02-14,Orange Juice,Beverage,0,0,Low
2025-02-15,Orange Juice,Beverage,0,0,Low
2025-02-16,Orange Juice,Beverage,0,0,Low
2025-02-17,Orange Juice,Beverage,0,0,Low
2025-02-18,Orange Juice,Beverage,0,0,Low
2025-02-19,Orange Juice,Beverage,0,0,Low
2025-02-20,Orange Juice,Beverage,0,0,Low
2025-02-21,Orange Juice,Beverage,0,0,Low
2025-02-22,Orange Juice,Beverage,0,0,Low
2025-02-23,Orange Juice,Beverage,0,0,Low
2025-02-24,Orange Juice,Beverage,0,0,Low
2025-02-25,Orange Juice,Beverage,0,0,Low
2025-02-26,Orange Juice,Beverage,0,0,Low
2025-02-27,Orange Juice,Beverage,0,0,Low
2025-02-28,Orange Juice,Beverage,0,0,Low
2025-03-01,Orange Juice,Beverage,0,0,Low
2025-03-02,Orange Juice,Beverage,0,0,Low
2025-03-03,Orange Juice,Beverage,0,0,Low
2025-03-04,Orange Juice,Beverage,0,0,Low
2025-03-05,Orange Juice,Beverage,0,0,Low
2025-03-06,Orange Juice,Beverage,0,0,Low
2025-03-07,Orange Juice,Beverage,0,0,Low
2025-03-08,Orange Juice,Beverage,0,0,Low
2025-03-09,Orange Juice,Beverage,0,0,Low
2025-03-10,Orange Juice,Beverage,0,0,Low
2025-03-11,Orange Juice,Beverage,0,0,Low
2025-03-12,Orange Juice,Beverage,0,0,Low
2025-03-13,Orange Juice,Beverage,0,0,Low
2025-03-14,Orange Juice,Beverage,0,0,Low
2025-03-15,Orange Juice,Beverage,0,0,Low
2025-03-16,Orange Juice,Beverage,0,0,Low
2025-03-17,Orange Juice,Beverage,0,0,Low
2025-03-18,Orange Juice,Beverage,0,0,Low
2025-03-19,Orange Juice,Beverage,0,0,Low
2025-03-20,Orange Juice,Beverage,0,0,Low
2025-03-21,Orange Juice,Beverage,0,0,Low
2025-03-22,Orange Juice,Beverage,0,0,Low
2025-03-23,Orange Juice,Beverage,0,0,Low
2025-03-24,Orange Juice,Beverage,0,0,Low
2025-03-25,Orange Juice,Beverage,0,0,Low
2025-03-26,Orange Juice,Beverage,0,0,Low
2025-03-27,Orange Juice,Beverage,0,0,Low
2025-03-28,Orange Juice,Beverage,0,0,Low
2025-03-29,Orange Juice,Beverage,0,0,Low
2025-03-30,Orange Juice,Beverage,0,0,Low
2025-03-31,Orange Juice,Beverage,0,0,Low
2025-04-01,Orange Juice,Beverage,0,0,Low
2025-04-02,Orange Juice,Beverage,0,0,Low
2025-04-03,Orange Juice,Beverage,0,0,Low
2025-04-04,Orange Juice,Beverage,0,0,Low
2025-04-05,Orange Juice,Beverage,0,0,Low
2025-04-06,Orange Juice,Beverage,0,0,Low
2025-04-07,Orange Juice,Beverage,0,0,Low
2025-04-08,Orange Juice,Beverage,0,0,Low
2025-04-09,Orange Juice,Beverage,0,0,Low
2025-04-10,Orange Juice,Beverage,0,0,Low
2025-04-11,Orange Juice,Beverage,0,0,Low
2025-04-12,Orange Juice,Beverage,0,0,Low
2025-04-13,Orange Juice,Beverage,0,0,Low
2025-04-14,Orange Juice,Beverage,0,0,Low
2025-04-15,Orange Juice,Beverage,0,0,Low
2025-04-16,Orange Juice,Beverage,0,0,Low
2025-04-17,Orange Juice,Beverage,0,0,Low
2025-04-18,Orange Juice,Beverage,0,0,Low
2025-04-19,Orange Juice,Beverage,0,0,Low
2025-04-20,Orange Juice,Beverage,0,0,Low
2025-04-21,Orange Juice,Beverage,0,0,Low
2025-04-22,Orange Juice,Beverage,0,0,Low
2025-04-23,Orange Juice,Beverage,0,0,Low
2025-04-24,Orange Juice,Beverage,0,0,Low
2025-04-25,Orange Juice,Beverage,0,0,Low
2025-04-26,Orange Juice,Beverage,0,0,Low
2025-04-27,Orange Juice,Beverage,0,0,Low
2025-04-28,Orange Juice,Beverage,0,0,Low
2025-04-29,Orange Juice,Beverage,0,0,Low
2025-04-30,Orange Juice,Beverage,0,0,Low
2025-05-01,Orange Juice,Beverage,0,0,Low
2025-05-02,Orange Juice,Beverage,0,0,Low
2025-05-03,Orange Juice,Beverage,0,0,Low
2025-05-04,Orange Juice,Beverage,0,0,Low
2025-05-05,Orange Juice,Beverage,0,0,Low
2025-05-06,Orange Juice,Beverage,0,0,Low
2025-05-07,Orange Juice,Beverage,0,0,Low
2025-05-08,Orange Juice,Beverage,0,0,Low
2025-05-09,Orange Juice,Beverage,0,0,Low
2025-05-10,Orange Juice,Beverage,0,0,Low
2025-05-11,Orange Juice,Beverage,0,0,Low
2025-05-12,Orange Juice,Beverage,0,0,Low
2025-05-13,Orange Juice,Beverage,0,0,Low
2025-05-14,Orange Juice,Beverage,0,0,Low
2025-05-15,Orange Juice,Beverage,0,0,Low
2025-05-16,Orange Juice,Beverage,0,0,Low
2025-05-17,Orange Juice,Beverage,0,0,Low
2025-05-18,Orange Juice,Beverage,0,0,Low
2025-05-19,Orange Juice,Beverage,0,0,Low
2025-05-20,Orange Juice,Beverage,0,0,Low
2025-05-21,Orange Juice,Beverage,0,0,Low
2025-05-22,Orange Juice,Beverage,0,0,Low
2025-05-23,Orange Juice,Beverage,0,0,Low
2025-05-24,Orange Juice,Beverage,0,0,Low
2025-05-25,Orange Juice,Beverage,0,0,Low
2025-05-26,Orange Juice,Beverage,0,0,Low
2025-05-27,Orange Juice,Beverage,0,0,Low
2025-05-28,Orange Juice,Beverage,0,0,Low
2025-05-29,Orange Juice,Beverage,0,0,Low
2025-05-30,Orange Juice,Beverage,0,0,Low
2025-05-31,Orange Juice,Beverage,0,0,Low
2025-06-01,Orange Juice,Beverage,0,0,Low
2025-06-02,Orange Juice,Beverage,0,0,Low
2025-06-03,Orange Juice,Beverage,0,0,Low
2025-06-04,Orange Juice,Beverage,0,0,Low
2025-06-05,Orange Juice,Beverage,0,0,Low
2025-06-06,Orange Juice,Beverage,0,0,Low
2025-06-07,Orange Juice,Beverage,0,0,Low
2025-06-08,Orange Juice,Beverage,0,0,Low
2025-06-09,Orange Juice,Beverage,0,0,Low
2025-06-10,Orange Juice,Beverage,0,0,Low
2025-06-11,Orange Juice,Beverage,0,0,Low
2025-06-12,Orange Juice,Beverage,0,0,Low
2025-06-13,Orange Juice,Beverage,0,0,Low
2025-06-14,Orange Juice,Beverage,0,0,Low
2025-06-15,Orange Juice,Beverage,0,0,Low
2025-06-16,Orange Juice,Beverage,0,0,Low
2025-06-17,Orange Juice,Beverage,0,0,Low
2025-06-18,Orange Juice,Beverage,0,0,Low
2025-06-19,Orange Juice,Beverage,0,0,Low
2025-06-20,Orange Juice,Beverage,0,0,Low
2025-06-21,Orange Juice,Beverage,0,0,Low
2025-06-22,Orange Juice,Beverage,0,0,Low
2025-06-23,Orange Juice,Beverage,0,0,Low
2025-06-24,Orange Juice,Beverage,0,0,Low
2025-06-25,Orange Juice,Beverage,0,0,Low
2025-06-26,Orange Juice,Beverage,0,0,Low
2025-06-27,Orange Juice,Beverage,0,0,Low
2025-06-28,Orange Juice,Beverage,0,0,Low
2025-06-29,Orange Juice,Beverage,0,0,Low
2025-06-30,Orange Juice,Beverage,0,0,Low
2025-07-01,Orange Juice,Beverage,0,0,Low
2025-07-02,Orange Juice,Beverage,0,0,Low
2025-07-03,Orange Juice,Beverage,0,0,Low
2025-07-04,Orange Juice,Beverage,0,0,Low
2025-07-05,Orange Juice,Beverage,0,0,Low
2025-07-06,Orange Juice,Beverage,0,0,Low
2025-07-07,Orange Juice,Beverage,0,0,Low
2025-07-08,Orange Juice,Beverage,0,0,Low
2025-07-09,Orange Juice,Beverage,0,0,Low
2025-07-10,Orange Juice,Beverage,0,0,Low
2025-07-11,Orange Juice,Beverage,0,0,Low
2025-07-12,Orange Juice,Beverage,0,0,Low
2025-07-13,Orange Juice,Beverage,0,0,Low
2025-07-14,Orange Juice,Beverage,0,0,Low
2025-07-15,Orange Juice,Beverage,0,0,Low
2025-07-16,Orange Juice,Beverage,0,0,Low
2025-07-17,Orange Juice,Beverage,0,0,Low
2025-07-18,Orange Juice,Beverage,0,0,Low
2025-07-19,Orange Juice,Beverage,0,0,Low
2025-07-20,Orange Juice,Beverage,0,0,Low
2025-07-21,Orange Juice,Beverage,0,0,Low
2025-07-22,Orange Juice,Beverage,0,0,Low
2025-07-23,Orange Juice,Beverage,0,0,Low
2025-07-24,Orange Juice,Beverage,0,0,Low
2025-07-25,Orange Juice,Beverage,0,0,Low
2025-07-26,Orange Juice,Beverage,0,0,Low
2025-07-27,Orange Juice,Beverage,0,0,Low
2025-07-28,Orange Juice,Beverage,0,0,Low
2025-07-29,Orange Juice,Beverage,0,0,Low
2025-07-30,Orange Juice,Beverage,0,0,Low
2025-07-31,Orange Juice,Beverage,0,0,Low
2025-08-01,Orange Juice,Beverage,0,0,Low
2025-08-02,Orange Juice,Beverage,0,0,Low
2025-08-03,Orange Juice,Beverage,0,0,Low
2025-08-04,Orange Juice,Beverage,0,0,Low
2025-08-05,Orange Juice,Beverage,0,0,Low
2025-08-06,Orange Juice,Beverage,0,0,Low
2025-08-07,Orange Juice,Beverage,0,0,Low
2025-08-08,Orange Juice,Beverage,0,0,Low
2025-08-09,Orange Juice,Beverage,0,0,Low
2025-08-10,Orange Juice,Beverage,0,0,Low
2025-08-11,Orange Juice,Beverage,0,0,Low
2025-08-12,Orange Juice,Beverage,0,0,Low
2025-08-13,Orange Juice,Beverage,0,0,Low
2025-08-14,Orange Juice,Beverage,0,0,Low
2025-08-15,Orange Juice,Beverage,0,0,Low
2025-08-16,Orange Juice,Beverage,0,0,Low
2025-08-17,Orange Juice,Beverage,0,0,Low
2025-08-18,Orange Juice,Beverage,0,0,Low
2025-08-19,Orange Juice,Beverage,0,0,Low
2025-08-20,Orange Juice,Beverage,0,0,Low
2025-08-21,Orange Juice,Beverage,0,0,Low
2025-08-22,Orange Juice,Beverage,0,0,Low
2025-08-23,Orange Juice,Beverage,0,0,Low
2025-08-24,Orange Juice,Beverage,0,0,Low
2025-08-25,Orange Juice,Beverage,0,0,Low
2025-08-26,Orange Juice,Beverage,0,0,Low
2025-08-27,Orange Juice,Beverage,0,0,Low
2025-08-28,Orange Juice,Beverage,0,0,Low
2025-08-29,Orange Juice,Beverage,0,0,Low
2025-08-30,Orange Juice,Beverage,0,0,Low
2025-08-31,Orange Juice,Beverage,0,0,Low
2025-09-01,Orange Juice,Beverage,0,0,Low
2025-09-02,Orange Juice,Beverage,0,0,Low
2025-09-03,Orange Juice,Beverage,0,0,Low
2025-09-04,Orange Juice,Beverage,0,0,Low
2025-09-05,Orange Juice,Beverage,0,0,Low
2025-09-06,Orange Juice,Beverage,0,0,Low
2025-09-07,Orange Juice,Beverage,0,0,Low
2025-09-08,Orange Juice,Beverage,0,0,Low
2025-09-09,Orange Juice,Beverage,0,0,Low
2025-09-10,Orange Juice,Beverage,0,0,Low
2025-09-11,Orange Juice,Beverage,0,0,Low
2025-09-12,Orange Juice,Beverage,0,0,Low
2025-09-13,Orange Juice,Beverage,0,0,Low
2025-09-14,Orange Juice,Beverage,0,0,Low
2025-09-15,Orange Juice,Beverage,0,0,Low
2025-09-16,Orange Juice,Beverage,0,0,Low
2025-09-17,Orange Juice,Beverage,0,0,Low
2025-09-18,Orange Juice,Beverage,0,0,Low
2025-09-19,Orange Juice,Beverage,0,0,Low
2025-09-20,Orange Juice,Beverage,0,0,Low
2025-09-21,Orange Juice,Beverage,0,0,Low
2025-09-22,Orange Juice,Beverage,0,0,Low
2025-09-23,Orange Juice,Beverage,0,0,Low
2025-09-24,Orange Juice,Beverage,0,0,Low
2025-09-25,Orange Juice,Beverage,0,0,Low
2025-09-26,Orange Juice,Beverage,0,0,Low
2025-09-27,Orange Juice,Beverage,0,0,Low
2025-09-28,Orange Juice,Beverage,0,0,Low
2025-09-29,Orange Juice,Beverage,0,0,Low
2025-09-30,Orange Juice,Beverage,0,0,Low
2025-10-01,Orange Juice,Beverage,0,0,Low
2025-10-02,Orange Juice,Beverage,0,0,Low
2025-10-03,Orange Juice,Beverage,0,0,Low
2025-10-04,Orange Juice,Beverage,0,0,Low
2025-10-05,Orange Juice,Beverage,0,0,Low
2025-10-06,Orange Juice,Beverage,0,0,Low
2025-10-07,Orange Juice,Beverage,0,0,Low
2025-10-08,Orange Juice,Beverage,0,0,Low
2025-10-09,Orange Juice,Beverage,0,0,Low
2025-10-10,Orange Juice,Beverage,0,0,Low
2025-10-11,Orange Juice,Beverage,0,0,Low
2025-10-12,Orange Juice,Beverage,0,0,Low
2025-10-13,Orange Juice,Beverage,0,0,Low
2025-10-14,Orange Juice,Beverage,0,0,Low
2025-10-15,Orange Juice,Beverage,0,0,Low
2025-10-16,Orange Juice,Beverage,0,0,Low
2025-10-17,Orange Juice,Beverage,0,0,Low
2025-10-18,Orange Juice,Beverage,0,0,Low
2025-10-19,Orange Juice,Beverage,0,0,Low
2025-10-20,Orange Juice,Beverage,0,0,Low
2025-10-21,Orange Juice,Beverage,0,0,Low
2025-10-22,Orange Juice,Beverage,0,0,Low
2025-10-23,Orange Juice,Beverage,0,0,Low
2025-10-24,Orange Juice,Beverage,0,0,Low
2025-10-25,Orange Juice,Beverage,0,0,Low
2025-10-26,Orange Juice,Beverage,0,0,Low
2025-10-27,Orange Juice,Beverage,0,0,Low
2025-10-28,Orange Juice,Beverage,0,0,Low
2025-10-29,Orange Juice,Beverage,0,0,Low
2025-10-30,Orange Juice,Beverage,0,0,Low
2025-10-31,Orange Juice,Beverage,0,0,Low
2025-11-01,Orange Juice,Beverage,0,0,Low
2025-11-02,Orange Juice,Beverage,0,0,Low
2025-11-03,Orange Juice,Beverage,0,0,Low
2025-11-04,Orange Juice,Beverage,0,0,Low
2025-11-05,Orange Juice,Beverage,0,0,Low
2025-11-06,Orange Juice,Beverage,0,0,Low
2025-11-07,Orange Juice,Beverage,0,0,Low
2025-11-08,Orange Juice,Beverage,0,0,Low
2025-11-09,Orange Juice,Beverage,0,0,Low
2025-11-10,Orange Juice,Beverage,0,0,Low
2025-11-11,Orange Juice,Beverage,0,0,Low
2025-11-12,Orange Juice,Beverage,0,0,Low
2025-11-13,Orange Juice,Beverage,0,0,Low
2025-11-14,Orange Juice,Beverage,0,0,Low
2025-11-15,Orange Juice,Beverage,0,0,Low
2025-11-16,Orange Juice,Beverage,0,0,Low
2025-11-17,Orange Juice,Beverage,0,0,Low
2025-11-18,Orange Juice,Beverage,0,0,Low
2025-11-19,Orange Juice,Beverage,0,0,Low
2025-11-20,Orange Juice,Beverage,0,0,Low
2025-11-21,Orange Juice,Beverage,0,0,Low
2025-11-22,Orange Juice,Beverage,0,0,Low
2025-11-23,Orange Juice,Beverage,0,0,Low
2025-11-24,Orange Juice,Beverage,0,0,Low
2025-11-25,Orange Juice,Beverage,0,0,Low
2025-11-26,Orange Juice,Beverage,0,0,Low
2025-11-27,Orange Juice,Beverage,0,0,Low
2025-11-28,Orange Juice,Beverage,0,0,Low
2025-11-29,Orange Juice,Beverage,0,0,Low
2025-11-30,Orange Juice,Beverage,0,0,Low
2025-12-01,Orange Juice,Beverage,0,0,Low
2025-12-02,Orange Juice,Beverage,0,0,Low
2025-12-03,Orange Juice,Beverage,0,0,Low
2025-12-04,Orange Juice,Beverage,0,0,Low
2025-12-05,Orange Juice,Beverage,0,0,Low
2025-12-06,Orange Juice,Beverage,0,0,Low
2025-12-07,Orange Juice,Beverage,0,0,Low
2025-12-08,Orange Juice,Beverage,0,0,Low
2025-12-09,Orange Juice,Beverage,0,0,Low
2025-12-10,Orange Juice,Beverage,0,0,Low
2025-12-11,Orange Juice,Beverage,0,0,Low
2025-12-12,Orange Juice,Beverage,0,0,Low
2025-12-13,Orange Juice,Beverage,0,0,Low
2025-12-14,Orange Juice,Beverage,0,0,Low
2025-12-15,Orange Juice,Beverage,0,0,Low
2025-12-16,Orange Juice,Beverage,0,0,Low
2025-12-17,Orange Juice,Beverage,0,0,Low
2025-12-18,Orange Juice,Beverage,0,0,Low
2025-12-19,Orange Juice,Beverage,0,0,Low
2025-12-20,Orange Juice,Beverage,0,0,Low
2025-12-21,Orange Juice,Beverage,0,0,Low
2025-12-22,Orange Juice,Beverage,0,0,Low
2025-12-23,Orange Juice,Beverage,0,0,Low
2025-12-24,Orange Juice,Beverage,0,0,Low
2025-12-25,Orange Juice,Beverage,0,0,Low
2025-12-26,Orange Juice,Beverage,0,0,Low
2025-12-27,Orange Juice,Beverage,0,0,Low
2025-12-28,Orange Juice,Beverage,0,0,Low
2025-12-29,Orange Juice,Beverage,0,0,Low
2025-12-30,Orange Juice,Beverage,0,0,Low
2025-12-31,Orange Juice,Beverage,0,0,Low
2025-01-01,Soda Can,Beverage,199,365,Low
2025-01-02,Soda Can,Beverage,174,364,Low
2025-01-03,Soda Can,Beverage,157,363,Low
2025-01-04,Soda Can,Beverage,144,362,Low
2025-01-05,Soda Can,Beverage,132,361,Low
2025-01-06,Soda Can,Beverage,119,360,Low
2025-01-07,Soda Can,Beverage,110,359,Low
2025-01-08,Soda Can,Beverage,94,358,Low
2025-01-09,Soda Can,Beverage,87,357,Low
2025-01-10,Soda Can,Beverage,77,356,Low
2025-01-11,Soda Can,Beverage,72,355,Low
2025-01-12,Soda Can,Beverage,67,354,Low
2025-01-13,Soda Can,Beverage,63,353,Low
2025-01-14,Soda Can,Beverage,56,352,Low
2025-01-15,Soda Can,Beverage,54,351,Low
2025-01-16,Soda Can,Beverage,42,350,Low
2025-01-17,Soda Can,Beverage,42,349,Low
2025-01-18,Soda Can,Beverage,37,348,Low
2025-01-19,Soda Can,Beverage,28,347,Low
2025-01-20,Soda Can,Beverage,23,346,Low
2025-01-21,Soda Can,Beverage,19,345,Low
2025-01-22,Soda Can,Beverage,16,344,Low
2025-01-23,Soda Can,Beverage,10,343,Low
2025-01-24,Soda Can,Beverage,9,342,Low
2025-01-25,Soda Can,Beverage,9,341,Low
2025-01-26,Soda Can,Beverage,5,340,Low
2025-01-27,Soda Can,Beverage,5,339,Low
2025-01-28,Soda Can,Beverage,1,338,Low
2025-01-29,Soda Can,Beverage,1,337,Low
2025-01-30,Soda Can,Beverage,0,336,Low
2025-01-31,Soda Can,Beverage,0,335,Low
2025-02-01,Soda Can,Beverage,0,334,Low
2025-02-02,Soda Can,Beverage,0,333,Low
2025-02-03,Soda Can,Beverage,0,332,Low
2025-02-04,Soda Can,Beverage,0,331,Low
2025-02-05,Soda Can,Beverage,0,330,Low
2025-02-06,Soda Can,Beverage,0,329,Low
2025-02-07,Soda Can,Beverage,0,328,Low
2025-02-08,Soda Can,Beverage,0,327,Low
2025-02-09,Soda Can,Beverage,0,326,Low
2025-02-10,Soda Can,Beverage,0,325,Low
2025-02-11,Soda Can,Beverage,0,324,Low
2025-02-12,Soda Can,Beverage,0,323,Low
2025-02-13,Soda Can,Beverage,0,322,Low
2025-02-14,Soda Can,Beverage,0,321,Low
2025-02-15,Soda Can,Beverage,0,320,Low
2025-02-16,Soda Can,Beverage,0,319,Low
2025-02-17,Soda Can,Beverage,0,318,Low
2025-02-18,Soda Can,Beverage,0,317,Low
2025-02-19,Soda Can,Beverage,0,316,Low
2025-02-20,Soda Can,Beverage,0,315,Low
2025-02-21,Soda Can,Beverage,0,314,Low
2025-02-22,Soda Can,Beverage,0,313,Low
2025-02-23,Soda Can,Beverage,0,312,Low
2025-02-24,Soda Can,Beverage,0,311,Low
2025-02-25,Soda Can,Beverage,0,310,Low
2025-02-26,Soda Can,Beverage,0,309,Low
2025-02-27,Soda Can,Beverage,0,308,Low
2025-02-28,Soda Can,Beverage,0,307,Low
2025-03-01,Soda Can,Beverage,0,306,Low
2025-03-02,Soda Can,Beverage,0,305,Low
2025-03-03,Soda Can,Beverage,0,304,Low
2025-03-04,Soda Can,Beverage,0,303,Low
2025-03-05,Soda Can,Beverage,0,302,Low
2025-03-06,Soda Can,Beverage,0,301,Low
2025-03-07,Soda Can,Beverage,0,300,Low
2025-03-08,Soda Can,Beverage,0,299,Low
2025-03-09,Soda Can,Beverage,0,298,Low
2025-03-10,Soda Can,Beverage,0,297,Low
2025-03-11,Soda Can,Beverage,0,296,Low
2025-03-12,Soda Can,Beverage,0,295,Low
2025-03-13,Soda Can,Beverage,0,294,Low
2025-03-14,Soda Can,Beverage,0,293,Low
2025-03-15,Soda Can,Beverage,0,292,Low
2025-03-16,Soda Can,Beverage,0,291,Low
2025-03-17,Soda Can,Beverage,0,290,Low
2025-03-18,Soda Can,Beverage,0,289,Low
2025-03-19,Soda Can,Beverage,0,288,Low
2025-03-20,Soda Can,Beverage,0,287,Low
2025-03-21,Soda Can,Beverage,0,286,Low
2025-03-22,Soda Can,Beverage,0,285,Low
2025-03-23,Soda Can,Beverage,0,284,Low
2025-03-24,Soda Can,Beverage,0,283,Low
2025-03-25,Soda Can,Beverage,0,282,Low
2025-03-26,Soda Can,Beverage,0,281,Low
2025-03-27,Soda Can,Beverage,0,280,Low
2025-03-28,Soda Can,Beverage,0,279,Low
2025-03-29,Soda Can,Beverage,0,278,Low
2025-03-30,Soda Can,Beverage,0,277,Low
2025-03-31,Soda Can,Beverage,0,276,Low
2025-04-01,Soda Can,Beverage,0,275,Low
2025-04-02,Soda Can,Beverage,0,274,Low
2025-04-03,Soda Can,Beverage,0,273,Low
2025-04-04,Soda Can,Beverage,0,272,Low
2025-04-05,Soda Can,Beverage,0,271,Low
2025-04-06,Soda Can,Beverage,0,270,Low
2025-04-07,Soda Can,Beverage,0,269,Low
2025-04-08,Soda Can,Beverage,0,268,Low
2025-04-09,Soda Can,Beverage,0,267,Low
2025-04-10,Soda Can,Beverage,0,266,Low
2025-04-11,Soda Can,Beverage,0,265,Low
2025-04-12,Soda Can,Beverage,0,264,Low
2025-04-13,Soda Can,Beverage,0,263,Low
2025-04-14,Soda Can,Beverage,0,262,Low
2025-04-15,Soda Can,Beverage,0,261,Low
2025-04-16,Soda Can,Beverage,0,260,Low
2025-04-17,Soda Can,Beverage,0,259,Low
2025-04-18,Soda Can,Beverage,0,258,Low
2025-04-19,Soda Can,Beverage,0,257,Low
2025-04-20,Soda Can,Beverage,0,256,Low
2025-04-21,Soda Can,Beverage,0,255,Low
2025-04-22,Soda Can,Beverage,0,254,Low
2025-04-23,Soda Can,Beverage,0,253,Low
2025-04-24,Soda Can,Beverage,0,252,Low
2025-04-25,Soda Can,Beverage,0,251,Low
2025-04-26,Soda Can,Beverage,0,250,Low
2025-04-27,Soda Can,Beverage,0,249,Low
2025-04-28,Soda Can,Beverage,0,248,Low
2025-04-29,Soda Can,Beverage,0,247,Low
2025-04-30,Soda Can,Beverage,0,246,Low
2025-05-01,Soda Can,Beverage,0,245,Low
2025-05-02,Soda Can,Beverage,0,244,Low
2025-05-03,Soda Can,Beverage,0,243,Low
2025-05-04,Soda Can,Beverage,0,242,Low
2025-05-05,Soda Can,Beverage,0,241,Low
2025-05-06,Soda Can,Beverage,0,240,Low
2025-05-07,Soda Can,Beverage,0,239,Low
2025-05-08,Soda Can,Beverage,0,238,Low
2025-05-09,Soda Can,Beverage,0,237,Low
2025-05-10,Soda Can,Beverage,0,236,Low
2025-05-11,Soda Can,Beverage,0,235,Low
2025-05-12,Soda Can,Beverage,0,234,Low
2025-05-13,Soda Can,Beverage,0,233,Low
2025-05-14,Soda Can,Beverage,0,232,Low
2025-05-15,Soda Can,Beverage,0,231,Low
2025-05-16,Soda Can,Beverage,0,230,Low
2025-05-17,Soda Can,Beverage,0,229,Low
2025-05-18,Soda Can,Beverage,0,228,Low
2025-05-19,Soda Can,Beverage,0,227,Low
2025-05-20,Soda Can,Beverage,0,226,Low
2025-05-21,Soda Can,Beverage,0,225,Low
2025-05-22,Soda Can,Beverage,0,224,Low
2025-05-23,Soda Can,Beverage,0,223,Low
2025-05-24,Soda Can,Beverage,0,222,Low
2025-05-25,Soda Can,Beverage,0,221,Low
2025-05-26,Soda Can,Beverage,0,220,Low
2025-05-27,Soda Can,Beverage,0,219,Low
2025-05-28,Soda Can,Beverage,0,218,Low
2025-05-29,Soda Can,Beverage,0,217,Low
2025-05-30,Soda Can,Beverage,0,216,Low
2025-05-31,Soda Can,Beverage,0,215,Low
2025-06-01,Soda Can,Beverage,0,214,Low
2025-06-02,Soda Can,Beverage,0,213,Low
2025-06-03,Soda Can,Beverage,0,212,Low
2025-06-04,Soda Can,Beverage,0,211,Low
2025-06-05,Soda Can,Beverage,0,210,Low
2025-06-06,Soda Can,Beverage,0,209,Low
2025-06-07,Soda Can,Beverage,0,208,Low
2025-06-08,Soda Can,Beverage,0,207,Low
2025-06-09,Soda Can,Beverage,0,206,Low
2025-06-10,Soda Can,Beverage,0,205,Low
2025-06-11,Soda Can,Beverage,0,204,Low
2025-06-12,Soda Can,Beverage,0,203,Low
2025-06-13,Soda Can,Beverage,0,202,Low
2025-06-14,Soda Can,Beverage,0,201,Low
2025-06-15,Soda Can,Beverage,0,200,Low
2025-06-16,Soda Can,Beverage,0,199,Low
2025-06-17,Soda Can,Beverage,0,198,Low
2025-06-18,Soda Can,Beverage,0,197,Low
2025-06-19,Soda Can,Beverage,0,196,Low
2025-06-20,Soda Can,Beverage,0,195,Low
2025-06-21,Soda Can,Beverage,0,194,Low
2025-06-22,Soda Can,Beverage,0,193,Low
2025-06-23,Soda Can,Beverage,0,192,Low
2025-06-24,Soda Can,Beverage,0,191,Low
2025-06-25,Soda Can,Beverage,0,190,Low
2025-06-26,Soda Can,Beverage,0,189,Low
2025-06-27,Soda Can,Beverage,0,188,Low
2025-06-28,Soda Can,Beverage,0,187,Low
2025-06-29,Soda Can,Beverage,0,186,Low
2025-06-30,Soda Can,Beverage,0,185,Low
2025-07-01,Soda Can,Beverage,0,184,Low
2025-07-02,Soda Can,Beverage,0,183,Low
2025-07-03,Soda Can,Beverage,0,182,Low
2025-07-04,Soda Can,Beverage,0,181,Low
2025-07-05,Soda Can,Beverage,0,180,Low
2025-07-06,Soda Can,Beverage,0,179,Low
2025-07-07,Soda Can,Beverage,0,178,Low
2025-07-08,Soda Can,Beverage,0,177,Low
2025-07-09,Soda Can,Beverage,0,176,Low
2025-07-10,Soda Can,Beverage,0,175,Low
2025-07-11,Soda Can,Beverage,0,174,Low
2025-07-12,Soda Can,Beverage,0,173,Low
2025-07-13,Soda Can,Beverage,0,172,Low
2025-07-14,Soda Can,Beverage,0,171,Low
2025-07-15,Soda Can,Beverage,0,170,Low
2025-07-16,Soda Can,Beverage,0,169,Low
2025-07-17,Soda Can,Beverage,0,168,Low
2025-07-18,Soda Can,Beverage,0,167,Low
2025-07-19,Soda Can,Beverage,0,166,Low
2025-07-20,Soda Can,Beverage,0,165,Low
2025-07-21,Soda Can,Beverage,0,164,Low
2025-07-22,Soda Can,Beverage,0,163,Low
2025-07-23,Soda Can,Beverage,0,162,Low
2025-07-24,Soda Can,Beverage,0,161,Low
2025-07-25,Soda Can,Beverage,0,160,Low
2025-07-26,Soda Can,Beverage,0,159,Low
2025-07-27,Soda Can,Beverage,0,158,Low
2025-07-28,Soda Can,Beverage,0,157,Low
2025-07-29,Soda Can,Beverage,0,156,Low
2025-07-30,Soda Can,Beverage,0,155,Low
2025-07-31,Soda Can,Beverage,0,154,Low
2025-08-01,Soda Can,Beverage,0,153,Low
2025-08-02,Soda Can,Beverage,0,152,Low
2025-08-03,Soda Can,Beverage,0,151,Low
2025-08-04,Soda Can,Beverage,0,150,Low
2025-08-05,Soda Can,Beverage,0,149,Low
2025-08-06,Soda Can,Beverage,0,148,Low
2025-08-07,Soda Can,Beverage,0,147,Low
2025-08-08,Soda Can,Beverage,0,146,Low
2025-08-09,Soda Can,Beverage,0,145,Low
2025-08-10,Soda Can,Beverage,0,144,Low
2025-08-11,Soda Can,Beverage,0,143,Low
2025-08-12,Soda Can,Beverage,0,142,Low
2025-08-13,Soda Can,Beverage,0,141,Low
2025-08-14,Soda Can,Beverage,0,140,Low
2025-08-15,Soda Can,Beverage,0,139,Low
2025-08-16,Soda Can,Beverage,0,138,Low
2025-08-17,Soda Can,Beverage,0,137,Low
2025-08-18,Soda Can,Beverage,0,136,Low
2025-08-19,Soda Can,Beverage,0,135,Low
2025-08-20,Soda Can,Beverage,0,134,Low
2025-08-21,Soda Can,Beverage,0,133,Low
2025-08-22,Soda Can,Beverage,0,132,Low
2025-08-23,Soda Can,Beverage,0,131,Low
2025-08-24,Soda Can,Beverage,0,130,Low
2025-08-25,Soda Can,Beverage,0,129,Low
2025-08-26,Soda Can,Beverage,0,128,Low
2025-08-27,Soda Can,Beverage,0,127,Low
2025-08-28,Soda Can,Beverage,0,126,Low
2025-08-29,Soda Can,Beverage,0,125,Low
2025-08-30,Soda Can,Beverage,0,124,Low
2025-08-31,Soda Can,Beverage,0,123,Low
2025-09-01,Soda Can,Beverage,0,122,Low
2025-09-02,Soda Can,Beverage,0,121,Low
2025-09-03,Soda Can,Beverage,0,120,Low
2025-09-04,Soda Can,Beverage,0,119,Low
2025-09-05,Soda Can,Beverage,0,118,Low
2025-09-06,Soda Can,Beverage,0,117,Low
2025-09-07,Soda Can,Beverage,0,116,Low
2025-09-08,Soda Can,Beverage,0,115,Low
2025-09-09,Soda Can,Beverage,0,114,Low
2025-09-10,Soda Can,Beverage,0,113,Low
2025-09-11,Soda Can,Beverage,0,112,Low
2025-09-12,Soda Can,Beverage,0,111,Low
2025-09-13,Soda Can,Beverage,0,110,Low
2025-09-14,Soda Can,Beverage,0,109,Low
2025-09-15,Soda Can,Beverage,0,108,Low
2025-09-16,Soda Can,Beverage,0,107,Low
2025-09-17,Soda Can,Beverage,0,106,Low
2025-09-18,Soda Can,Beverage,0,105,Low
2025-09-19,Soda Can,Beverage,0,104,Low
2025-09-20,Soda Can,Beverage,0,103,Low
2025-09-21,Soda Can,Beverage,0,102,Low
2025-09-22,Soda Can,Beverage,0,101,Low
2025-09-23,Soda Can,Beverage,0,100,Low
2025-09-24,Soda Can,Beverage,0,99,Low
2025-09-25,Soda Can,Beverage,0,98,Low
2025-09-26,Soda Can,Beverage,0,97,Low
2025-09-27,Soda Can,Beverage,0,96,Low
2025-09-28,Soda Can,Beverage,0,95,Low
2025-09-29,Soda Can,Beverage,0,94,Low
2025-09-30,Soda Can,Beverage,0,93,Low
2025-10-01,Soda Can,Beverage,0,92,Low
2025-10-02,Soda Can,Beverage,0,91,Low
2025-10-03,Soda Can,Beverage,0,90,Low
2025-10-04,Soda Can,Beverage,0,89,Low
2025-10-05,Soda Can,Beverage,0,88,Low
2025-10-06,Soda Can,Beverage,0,87,Low
2025-10-07,Soda Can,Beverage,0,86,Low
2025-10-08,Soda Can,Beverage,0,85,Low
2025-10-09,Soda Can,Beverage,0,84,Low
2025-10-10,Soda Can,Beverage,0,83,Low
2025-10-11,Soda Can,Beverage,0,82,Low
2025-10-12,Soda Can,Beverage,0,81,Low
2025-10-13,Soda Can,Beverage,0,80,Low
2025-10-14,Soda Can,Beverage,0,79,Low
2025-10-15,Soda Can,Beverage,0,78,Low
2025-10-16,Soda Can,Beverage,0,77,Low
2025-10-17,Soda Can,Beverage,0,76,Low
2025-10-18,Soda Can,Beverage,0,75,Low
2025-10-19,Soda Can,Beverage,0,74,Low
2025-10-20,Soda Can,Beverage,0,73,Low
2025-10-21,Soda Can,Beverage,0,72,Low
2025-10-22,Soda Can,Beverage,0,71,Low
2025-10-23,Soda Can,Beverage,0,70,Low
2025-10-24,Soda Can,Beverage,0,69,Low
2025-10-25,Soda Can,Beverage,0,68,Low
2025-10-26,Soda Can,Beverage,0,67,Low
2025-10-27,Soda Can,Beverage,0,66,Low
2025-10-28,Soda Can,Beverage,0,65,Low
2025-10-29,Soda Can,Beverage,0,64,Low
2025-10-30,Soda Can,Beverage,0,63,Low
2025-10-31,Soda Can,Beverage,0,62,Low
2025-11-01,Soda Can,Beverage,0,61,Low
2025-11-02,Soda Can,Beverage,0,60,Low
2025-11-03,Soda Can,Beverage,0,59,Low
2025-11-04,Soda Can,Beverage,0,58,Low
2025-11-05,Soda Can,Beverage,0,57,Low
2025-11-06,Soda Can,Beverage,0,56,Low
2025-11-07,Soda Can,Beverage,0,55,Low
2025-11-08,Soda Can,Beverage,0,54,Low
2025-11-09,Soda Can,Beverage,0,53,Low
2025-11-10,Soda Can,Beverage,0,52,Low
2025-11-11,Soda Can,Beverage,0,51,Low
2025-11-12,Soda Can,Beverage,0,50,Low
2025-11-13,Soda Can,Beverage,0,49,Low
2025-11-14,Soda Can,Beverage,0,48,Low
2025-11-15,Soda Can,Beverage,0,47,Low
2025-11-16,Soda Can,Beverage,0,46,Low
2025-11-17,Soda Can,Beverage,0,45,Low
2025-11-18,Soda Can,Beverage,0,44,Low
2025-11-19,Soda Can,Beverage,0,43,Low
2025-11-20,Soda Can,Beverage,0,42,Low
2025-11-21,Soda Can,Beverage,0,41,Low
2025-11-22,Soda Can,Beverage,0,40,Low
2025-11-23,Soda Can,Beverage,0,39,Low
2025-11-24,Soda Can,Beverage,0,38,Low
2025-11-25,Soda Can,Beverage,0,37,Low
2025-11-26,Soda Can,Beverage,0,36,Low
2025-11-27,Soda Can,Beverage,0,35,Low
2025-11-28,Soda Can,Beverage,0,34,Low
2025-11-29,Soda Can,Beverage,0,33,Low
2025-11-30,Soda Can,Beverage,0,32,Low
2025-12-01,Soda Can,Beverage,0,31,Low
2025-12-02,Soda Can,Beverage,0,30,Low
2025-12-03,Soda Can,Beverage,0,29,Low
2025-12-04,Soda Can,Beverage,0,28,Low
2025-12-05,Soda Can,Beverage,0,27,Low
2025-12-06,Soda Can,Beverage,0,26,Low
2025-12-07,Soda Can,Beverage,0,25,Low
2025-12-08,Soda Can,Beverage,0,24,Low
2025-12-09,Soda Can,Beverage,0,23,Low
2025-12-10,Soda Can,Beverage,0,22,Low
2025-12-11,Soda Can,Beverage,0,21,Low
2025-12-12,Soda Can,Beverage,0,20,Low
2025-12-13,Soda Can,Beverage,0,19,Low
2025-12-14,Soda Can,Beverage,0,18,Low
2025-12-15,Soda Can,Beverage,0,17,Low
2025-12-16,Soda Can,Beverage,0,16,Low
2025-12-17,Soda Can,Beverage,0,15,Low
2025-12-18,Soda Can,Beverage,0,14,Low
2025-12-19,Soda Can,Beverage,0,13,Low
2025-12-20,Soda Can,Beverage,0,12,Low
2025-12-21,Soda Can,Beverage,0,11,Low
2025-12-22,Soda Can,Beverage,0,10,Low
2025-12-23,Soda Can,Beverage,0,9,Low
2025-12-24,Soda Can,Beverage,0,8,Low
2025-12-25,Soda Can,Beverage,0,7,Low
2025-12-26,Soda Can,Beverage,0,6,Low
2025-12-27,Soda Can,Beverage,0,5,Low
2025-12-28,Soda Can,Beverage,0,4,Low
2025-12-29,Soda Can,Beverage,0,3,Low
2025-12-30,Soda Can,Beverage,0,2,Low
2025-12-31,Soda Can,Beverage,0,1,Low
2025-01-01,Chocolate Bar,Snack,281,180,Low
2025-01-02,Chocolate Bar,Snack,250,179,Low
2025-01-03,Chocolate Bar,Snack,231,178,Low
2025-01-04,Chocolate Bar,Snack,203,177,Low
2025-01-05,Chocolate Bar,Snack,185,176,Low
2025-01-06,Chocolate Bar,Snack,167,175,Low
2025-01-07,Chocolate Bar,Snack,144,174,Low
2025-01-08,Chocolate Bar,Snack,128,173,Low
2025-01-09,Chocolate Bar,Snack,119,172,Low
2025-01-10,Chocolate Bar,Snack,112,171,Low
2025-01-11,Chocolate Bar,Snack,101,170,Low
2025-01-12,Chocolate Bar,Snack,89,169,Low
2025-01-13,Chocolate Bar,Snack,79,168,Low
2025-01-14,Chocolate Bar,Snack,69,167,Low
2025-01-15,Chocolate Bar,Snack,62,166,Low
2025-01-16,Chocolate Bar,Snack,55,165,Low
2025-01-17,Chocolate Bar,Snack,53,164,Low
2025-01-18,Chocolate Bar,Snack,49,163,Low
2025-01-19,Chocolate Bar,Snack,46,162,Low
2025-01-20,Chocolate Bar,Snack,41,161,Low
2025-01-21,Chocolate Bar,Snack,38,160,Low
2025-01-22,Chocolate Bar,Snack,33,159,Low
2025-01-23,Chocolate Bar,Snack,32,158,Low
2025-01-24,Chocolate Bar,Snack,31,157,Low
2025-01-25,Chocolate Bar,Snack,29,156,Low
2025-01-26,Chocolate Bar,Snack,23,155,Low
2025-01-27,Chocolate Bar,Snack,19,154,Low
2025-01-28,Chocolate Bar,Snack,19,153,Low
2025-01-29,Chocolate Bar,Snack,19,152,Low
2025-01-30,Chocolate Bar,Snack,18,151,Low
2025-01-31,Chocolate Bar,Snack,15,150,Low
2025-02-01,Chocolate Bar,Snack,10,149,Low
2025-02-02,Chocolate Bar,Snack,9,148,Low
2025-02-03,Chocolate Bar,Snack,9,147,Low
2025-02-04,Chocolate Bar,Snack,8,146,Low
2025-02-05,Chocolate Bar,Snack,8,145,Low
2025-02-06,Chocolate Bar,Snack,7,144,Low
2025-02-07,Chocolate Bar,Snack,7,143,Low
2025-02-08,Chocolate Bar,Snack,6,142,Low
2025-02-09,Chocolate Bar,Snack,6,141,Low
2025-02-10,Chocolate Bar,Snack,5,140,Low
2025-02-11,Chocolate Bar,Snack,3,139,Low
2025-02-12,Chocolate Bar,Snack,3,138,Low
2025-02-13,Chocolate Bar,Snack,3,137,Low
2025-02-14,Chocolate Bar,Snack,3,136,Low
2025-02-15,Chocolate Bar,Snack,1,135,Low
2025-02-16,Chocolate Bar,Snack,1,134,Low
2025-02-17,Chocolate Bar,Snack,1,133,Low
2025-02-18,Chocolate Bar,Snack,1,132,Low
2025-02-19,Chocolate Bar,Snack,0,131,Low
2025-02-20,Chocolate Bar,Snack,0,130,Low
2025-02-21,Chocolate Bar,Snack,0,129,Low
2025-02-22,Chocolate Bar,Snack,0,128,Low
2025-02-23,Chocolate Bar,Snack,0,127,Low
2025-02-24,Chocolate Bar,Snack,0,126,Low
2025-02-25,Chocolate Bar,Snack,0,125,Low
2025-02-26,Chocolate Bar,Snack,0,124,Low
2025-02-27,Chocolate Bar,Snack,0,123,Low
2025-02-28,Chocolate Bar,Snack,0,122,Low
2025-03-01,Chocolate Bar,Snack,0,121,Low
2025-03-02,Chocolate Bar,Snack,0,120,Low
2025-03-03,Chocolate Bar,Snack,0,119,Low
2025-03-04,Chocolate Bar,Snack,0,118,Low
2025-03-05,Chocolate Bar,Snack,0,117,Low
2025-03-06,Chocolate Bar,Snack,0,116,Low
2025-03-07,Chocolate Bar,Snack,0,115,Low
2025-03-08,Chocolate Bar,Snack,0,114,Low
2025-03-09,Chocolate Bar,Snack,0,113,Low
2025-03-10,Chocolate Bar,Snack,0,112,Low
2025-03-11,Chocolate Bar,Snack,0,111,Low
2025-03-12,Chocolate Bar,Snack,0,110,Low
2025-03-13,Chocolate Bar,Snack,0,109,Low
2025-03-14,Chocolate Bar,Snack,0,108,Low
2025-03-15,Chocolate Bar,Snack,0,107,Low
2025-03-16,Chocolate Bar,Snack,0,106,Low
2025-03-17,Chocolate Bar,Snack,0,105,Low
2025-03-18,Chocolate Bar,Snack,0,104,Low
2025-03-19,Chocolate Bar,Snack,0,103,Low
2025-03-20,Chocolate Bar,Snack,0,102,Low
2025-03-21,Chocolate Bar,Snack,0,101,Low
2025-03-22,Chocolate Bar,Snack,0,100,Low
2025-03-23,Chocolate Bar,Snack,0,99,Low
2025-03-24,Chocolate Bar,Snack,0,98,Low
2025-03-25,Chocolate Bar,Snack,0,97,Low
2025-03-26,Chocolate Bar,Snack,0,96,Low
2025-03-27,Chocolate Bar,Snack,0,95,Low
2025-03-28,Chocolate Bar,Snack,0,94,Low
2025-03-29,Chocolate Bar,Snack,0,93,Low
2025-03-30,Chocolate Bar,Snack,0,92,Low
2025-03-31,Chocolate Bar,Snack,0,91,Low
2025-04-01,Chocolate Bar,Snack,0,90,Low
2025-04-02,Chocolate Bar,Snack,0,89,Low
2025-04-03,Chocolate Bar,Snack,0,88,Low
2025-04-04,Chocolate Bar,Snack,0,87,Low
2025-04-05,Chocolate Bar,Snack,0,86,Low
2025-04-06,Chocolate Bar,Snack,0,85,Low
2025-04-07,Chocolate Bar,Snack,0,84,Low
2025-04-08,Chocolate Bar,Snack,0,83,Low
2025-04-09,Chocolate Bar,Snack,0,82,Low
2025-04-10,Chocolate Bar,Snack,0,81,Low
2025-04-11,Chocolate Bar,Snack,0,80,Low
2025-04-12,Chocolate Bar,Snack,0,79,Low
2025-04-13,Chocolate Bar,Snack,0,78,Low
2025-04-14,Chocolate Bar,Snack,0,77,Low
2025-04-15,Chocolate Bar,Snack,0,76,Low
2025-04-16,Chocolate Bar,Snack,0,75,Low
2025-04-17,Chocolate Bar,Snack,0,74,Low
2025-04-18,Chocolate Bar,Snack,0,73,Low
2025-04-19,Chocolate Bar,Snack,0,72,Low
2025-04-20,Chocolate Bar,Snack,0,71,Low
2025-04-21,Chocolate Bar,Snack,0,70,Low
2025-04-22,Chocolate Bar,Snack,0,69,Low
2025-04-23,Chocolate Bar,Snack,0,68,Low
2025-04-24,Chocolate Bar,Snack,0,67,Low
2025-04-25,Chocolate Bar,Snack,0,66,Low
2025-04-26,Chocolate Bar,Snack,0,65,Low
2025-04-27,Chocolate Bar,Snack,0,64,Low
2025-04-28,Chocolate Bar,Snack,0,63,Low
2025-04-29,Chocolate Bar,Snack,0,62,Low
2025-04-30,Chocolate Bar,Snack,0,61,Low
2025-05-01,Chocolate Bar,Snack,0,60,Low
2025-05-02,Chocolate Bar,Snack,0,59,Low
2025-05-03,Chocolate Bar,Snack,0,58,Low
2025-05-04,Chocolate Bar,Snack,0,57,Low
2025-05-05,Chocolate Bar,Snack,0,56,Low
2025-05-06,Chocolate Bar,Snack,0,55,Low
2025-05-07,Chocolate Bar,Snack,0,54,Low
2025-05-08,Chocolate Bar,Snack,0,53,Low
2025-05-09,Chocolate Bar,Snack,0,52,Low
2025-05-10,Chocolate Bar,Snack,0,51,Low
2025-05-11,Chocolate Bar,Snack,0,50,Low
2025-05-12,Chocolate Bar,Snack,0,49,Low
2025-05-13,Chocolate Bar,Snack,0,48,Low
2025-05-14,Chocolate Bar,Snack,0,47,Low
2025-05-15,Chocolate Bar,Snack,0,46,Low
2025-05-16,Chocolate Bar,Snack,0,45,Low
2025-05-17,Chocolate Bar,Snack,0,44,Low
2025-05-18,Chocolate Bar,Snack,0,43,Low
2025-05-19,Chocolate Bar,Snack,0,42,Low
2025-05-20,Chocolate Bar,Snack,0,41,Low
2025-05-21,Chocolate Bar,Snack,0,40,Low
2025-05-22,Chocolate Bar,Snack,0,39,Low
2025-05-23,Chocolate Bar,Snack,0,38,Low
2025-05-24,Chocolate Bar,Snack,0,37,Low
2025-05-25,Chocolate Bar,Snack,0,36,Low
2025-05-26,Chocolate Bar,Snack,0,35,Low
2025-05-27,Chocolate Bar,Snack,0,34,Low
2025-05-28,Chocolate Bar,Snack,0,33,Low
2025-05-29,Chocolate Bar,Snack,0,32,Low
2025-05-30,Chocolate Bar,Snack,0,31,Low
2025-05-31,Chocolate Bar,Snack,0,30,Low
2025-06-01,Chocolate Bar,Snack,0,29,Low
2025-06-02,Chocolate Bar,Snack,0,28,Low
2025-06-03,Chocolate Bar,Snack,0,27,Low
2025-06-04,Chocolate Bar,Snack,0,26,Low
2025-06-05,Chocolate Bar,Snack,0,25,Low
2025-06-06,Chocolate Bar,Snack,0,24,Low
2025-06-07,Chocolate Bar,Snack,0,23,Low
2025-06-08,Chocolate Bar,Snack,0,22,Low
2025-06-09,Chocolate Bar,Snack,0,21,Low
2025-06-10,Chocolate Bar,Snack,0,20,Low
2025-06-11,Chocolate Bar,Snack,0,19,Low
2025-06-12,Chocolate Bar,Snack,0,18,Low
2025-06-13,Chocolate Bar,Snack,0,17,Low
2025-06-14,Chocolate Bar,Snack,0,16,Low
2025-06-15,Chocolate Bar,Snack,0,15,Low
2025-06-16,Chocolate Bar,Snack,0,14,Low
2025-06-17,Chocolate Bar,Snack,0,13,Low
2025-06-18,Chocolate Bar,Snack,0,12,Low
2025-06-19,Chocolate Bar,Snack,0,11,Low
2025-06-20,Chocolate Bar,Snack,0,10,Low
2025-06-21,Chocolate Bar,Snack,0,9,Low
2025-06-22,Chocolate Bar,Snack,0,8,Low
2025-06-23,Chocolate Bar,Snack,0,7,Low
2025-06-24,Chocolate Bar,Snack,0,6,Low
2025-06-25,Chocolate Bar,Snack,0,5,Low
2025-06-26,Chocolate Bar,Snack,0,4,Low
2025-06-27,Chocolate Bar,Snack,0,3,Low
2025-06-28,Chocolate Bar,Snack,0,2,Low
2025-06-29,Chocolate Bar,Snack,0,1,Low
2025-06-30,Chocolate Bar,Snack,0,0,Low
2025-07-01,Chocolate Bar,Snack,0,0,Low
2025-07-02,Chocolate Bar,Snack,0,0,Low
2025-07-03,Chocolate Bar,Snack,0,0,Low
2025-07-04,Chocolate Bar,Snack,0,0,Low
2025-07-05,Chocolate Bar,Snack,0,0,Low
2025-07-06,Chocolate Bar,Snack,0,0,Low
2025-07-07,Chocolate Bar,Snack,0,0,Low
2025-07-08,Chocolate Bar,Snack,0,0,Low
2025-07-09,Chocolate Bar,Snack,0,0,Low
2025-07-10,Chocolate Bar,Snack,0,0,Low
2025-07-11,Chocolate Bar,Snack,0,0,Low
2025-07-12,Chocolate Bar,Snack,0,0,Low
2025-07-13,Chocolate Bar,Snack,0,0,Low
2025-07-14,Chocolate Bar,Snack,0,0,Low
2025-07-15,Chocolate Bar,Snack,0,0,Low
2025-07-16,Chocolate Bar,Snack,0,0,Low
2025-07-17,Chocolate Bar,Snack,0,0,Low
2025-07-18,Chocolate Bar,Snack,0,0,Low
2025-07-19,Chocolate Bar,Snack,0,0,Low
2025-07-20,Chocolate Bar,Snack,0,0,Low
2025-07-21,Chocolate Bar,Snack,0,0,Low
2025-07-22,Chocolate Bar,Snack,0,0,Low
2025-07-23,Chocolate Bar,Snack,0,0,Low
2025-07-24,Chocolate Bar,Snack,0,0,Low
2025-07-25,Chocolate Bar,Snack,0,0,Low
2025-07-26,Chocolate Bar,Snack,0,0,Low
2025-07-27,Chocolate Bar,Snack,0,0,Low
2025-07-28,Chocolate Bar,Snack,0,0,Low
2025-07-29,Chocolate Bar,Snack,0,0,Low
2025-07-30,Chocolate Bar,Snack,0,0,Low
2025-07-31,Chocolate Bar,Snack,0,0,Low
2025-08-01,Chocolate Bar,Snack,0,0,Low
2025-08-02,Chocolate Bar,Snack,0,0,Low
2025-08-03,Chocolate Bar,Snack,0,0,Low
2025-08-04,Chocolate Bar,Snack,0,0,Low
2025-08-05,Chocolate Bar,Snack,0,0,Low
2025-08-06,Chocolate Bar,Snack,0,0,Low
2025-08-07,Chocolate Bar,Snack,0,0,Low
2025-08-08,Chocolate Bar,Snack,0,0,Low
2025-08-09,Chocolate Bar,Snack,0,0,Low
2025-08-10,Chocolate Bar,Snack,0,0,Low
2025-08-11,Chocolate Bar,Snack,0,0,Low
2025-08-12,Chocolate Bar,Snack,0,0,Low
2025-08-13,Chocolate Bar,Snack,0,0,Low
2025-08-14,Chocolate Bar,Snack,0,0,Low
2025-08-15,Chocolate Bar,Snack,0,0,Low
2025-08-16,Chocolate Bar,Snack,0,0,Low
2025-08-17,Chocolate Bar,Snack,0,0,Low
2025-08-18,Chocolate Bar,Snack,0,0,Low
2025-08-19,Chocolate Bar,Snack,0,0,Low
2025-08-20,Chocolate Bar,Snack,0,0,Low
2025-08-21,Chocolate Bar,Snack,0,0,Low
2025-08-22,Chocolate Bar,Snack,0,0,Low
2025-08-23,Chocolate Bar,Snack,0,0,Low
2025-08-24,Chocolate Bar,Snack,0,0,Low
2025-08-25,Chocolate Bar,Snack,0,0,Low
2025-08-26,Chocolate Bar,Snack,0,0,Low
2025-08-27,Chocolate Bar,Snack,0,0,Low
2025-08-28,Chocolate Bar,Snack,0,0,Low
2025-08-29,Chocolate Bar,Snack,0,0,Low
2025-08-30,Chocolate Bar,Snack,0,0,Low
2025-08-31,Chocolate Bar,Snack,0,0,Low
2025-09-01,Chocolate Bar,Snack,0,0,Low
2025-09-02,Chocolate Bar,Snack,0,0,Low
2025-09-03,Chocolate Bar,Snack,0,0,Low
2025-09-04,Chocolate Bar,Snack,0,0,Low
2025-09-05,Chocolate Bar,Snack,0,0,Low
2025-09-06,Chocolate Bar,Snack,0,0,Low
2025-09-07,Chocolate Bar,Snack,0,0,Low
2025-09-08,Chocolate Bar,Snack,0,0,Low
2025-09-09,Chocolate Bar,Snack,0,0,Low
2025-09-10,Chocolate Bar,Snack,0,0,Low
2025-09-11,Chocolate Bar,Snack,0,0,Low
2025-09-12,Chocolate Bar,Snack,0,0,Low
2025-09-13,Chocolate Bar,Snack,0,0,Low
2025-09-14,Chocolate Bar,Snack,0,0,Low
2025-09-15,Chocolate Bar,Snack,0,0,Low
2025-09-16,Chocolate Bar,Snack,0,0,Low
2025-09-17,Chocolate Bar,Snack,0,0,Low
2025-09-18,Chocolate Bar,Snack,0,0,Low
2025-09-19,Chocolate Bar,Snack,0,0,Low
2025-09-20,Chocolate Bar,Snack,0,0,Low
2025-09-21,Chocolate Bar,Snack,0,0,Low
2025-09-22,Chocolate Bar,Snack,0,0,Low
2025-09-23,Chocolate Bar,Snack,0,0,Low
2025-09-24,Chocolate Bar,Snack,0,0,Low
2025-09-25,Chocolate Bar,Snack,0,0,Low
2025-09-26,Chocolate Bar,Snack,0,0,Low
2025-09-27,Chocolate Bar,Snack,0,0,Low
2025-09-28,Chocolate Bar,Snack,0,0,Low
2025-09-29,Chocolate Bar,Snack,0,0,Low
2025-09-30,Chocolate Bar,Snack,0,0,Low
2025-10-01,Chocolate Bar,Snack,0,0,Low
2025-10-02,Chocolate Bar,Snack,0,0,Low
2025-10-03,Chocolate Bar,Snack,0,0,Low
2025-10-04,Chocolate Bar,Snack,0,0,Low
2025-10-05,Chocolate Bar,Snack,0,0,Low
2025-10-06,Chocolate Bar,Snack,0,0,Low
2025-10-07,Chocolate Bar,Snack,0,0,Low
2025-10-08,Chocolate Bar,Snack,0,0,Low
2025-10-09,Chocolate Bar,Snack,0,0,Low
2025-10-10,Chocolate Bar,Snack,0,0,Low
2025-10-11,Chocolate Bar,Snack,0,0,Low
2025-10-12,Chocolate Bar,Snack,0,0,Low
2025-10-13,Chocolate Bar,Snack,0,0,Low
2025-10-14,Chocolate Bar,Snack,0,0,Low
2025-10-15,Chocolate Bar,Snack,0,0,Low
2025-10-16,Chocolate Bar,Snack,0,0,Low
2025-10-17,Chocolate Bar,Snack,0,0,Low
2025-10-18,Chocolate Bar,Snack,0,0,Low
2025-10-19,Chocolate Bar,Snack,0,0,Low
2025-10-20,Chocolate Bar,Snack,0,0,Low
2025-10-21,Chocolate Bar,Snack,0,0,Low
2025-10-22,Chocolate Bar,Snack,0,0,Low
2025-10-23,Chocolate Bar,Snack,0,0,Low
2025-10-24,Chocolate Bar,Snack,0,0,Low
2025-10-25,Chocolate Bar,Snack,0,0,Low
2025-10-26,Chocolate Bar,Snack,0,0,Low
2025-10-27,Chocolate Bar,Snack,0,0,Low
2025-10-28,Chocolate Bar,Snack,0,0,Low
2025-10-29,Chocolate Bar,Snack,0,0,Low
2025-10-30,Chocolate Bar,Snack,0,0,Low
2025-10-31,Chocolate Bar,Snack,0,0,Low
2025-11-01,Chocolate Bar,Snack,0,0,Low
2025-11-02,Chocolate Bar,Snack,0,0,Low
2025-11-03,Chocolate Bar,Snack,0,0,Low
2025-11-04,Chocolate Bar,Snack,0,0,Low
2025-11-05,Chocolate Bar,Snack,0,0,Low
2025-11-06,Chocolate Bar,Snack,0,0,Low
2025-11-07,Chocolate Bar,Snack,0,0,Low
2025-11-08,Chocolate Bar,Snack,0,0,Low
2025-11-09,Chocolate Bar,Snack,0,0,Low
2025-11-10,Chocolate Bar,Snack,0,0,Low
2025-11-11,Chocolate Bar,Snack,0,0,Low
2025-11-12,Chocolate Bar,Snack,0,0,Low
2025-11-13,Chocolate Bar,Snack,0,0,Low
2025-11-14,Chocolate Bar,Snack,0,0,Low
2025-11-15,Chocolate Bar,Snack,0,0,Low
2025-11-16,Chocolate Bar,Snack,0,0,Low
2025-11-17,Chocolate Bar,Snack,0,0,Low
2025-11-18,Chocolate Bar,Snack,0,0,Low
2025-11-19,Chocolate Bar,Snack,0,0,Low
2025-11-20,Chocolate Bar,Snack,0,0,Low
2025-11-21,Chocolate Bar,Snack,0,0,Low
2025-11-22,Chocolate Bar,Snack,0,0,Low
2025-11-23,Chocolate Bar,Snack,0,0,Low
2025-11-24,Chocolate Bar,Snack,0,0,Low
2025-11-25,Chocolate Bar,Snack,0,0,Low
2025-11-26,Chocolate Bar,Snack,0,0,Low
2025-11-27,Chocolate Bar,Snack,0,0,Low
2025-11-28,Chocolate Bar,Snack,0,0,Low
2025-11-29,Chocolate Bar,Snack,0,0,Low
2025-11-30,Chocolate Bar,Snack,0,0,Low
2025-12-01,Chocolate Bar,Snack,0,0,Low
2025-12-02,Chocolate Bar,Snack,0,0,Low
2025-12-03,Chocolate Bar,Snack,0,0,Low
2025-12-04,Chocolate Bar,Snack,0,0,Low
2025-12-05,Chocolate Bar,Snack,0,0,Low
2025-12-06,Chocolate Bar,Snack,0,0,Low
2025-12-07,Chocolate Bar,Snack,0,0,Low
2025-12-08,Chocolate Bar,Snack,0,0,Low
2025-12-09,Chocolate Bar,Snack,0,0,Low
2025-12-10,Chocolate Bar,Snack,0,0,Low
2025-12-11,Chocolate Bar,Snack,0,0,Low
2025-12-12,Chocolate Bar,Snack,0,0,Low
2025-12-13,Chocolate Bar,Snack,0,0,Low
2025-12-14,Chocolate Bar,Snack,0,0,Low
2025-12-15,Chocolate Bar,Snack,0,0,Low
2025-12-16,Chocolate Bar,Snack,0,0,Low
2025-12-17,Chocolate Bar,Snack,0,0,Low
2025-12-18,Chocolate Bar,Snack,0,0,Low
2025-12-19,Chocolate Bar,Snack,0,0,Low
2025-12-20,Chocolate Bar,Snack,0,0,Low
2025-12-21,Chocolate Bar,Snack,0,0,Low
2025-12-22,Chocolate Bar,Snack,0,0,Low
2025-12-23,Chocolate Bar,Snack,0,0,Low
2025-12-24,Chocolate Bar,Snack,0,0,Low
2025-12-25,Chocolate Bar,Snack,0,0,Low
2025-12-26,Chocolate Bar,Snack,0,0,Low
2025-12-27,Chocolate Bar,Snack,0,0,Low
2025-12-28,Chocolate Bar,Snack,0,0,Low
2025-12-29,Chocolate Bar,Snack,0,0,Low
2025-12-30,Chocolate Bar,Snack,0,0,Low
2025-12-31,Chocolate Bar,Snack,0,0,Low
